2026-05-13 15:09:46.306 | INFO     | __main__:main:79 - 数据库连接已初始化(不再执行建表)
2026-05-13 15:09:46.306 | INFO     | __main__:main:193 - 老链路已关闭（settings.disable_legacy_pipeline=True）：跳过 Ollama 客户端与 Level1/Level2 Service 初始化
2026-05-13 15:09:46.306 | INFO     | __main__:main:210 - 词典就绪：tickers=54 chains=0 narratives=11 kols=0 aliases=137
2026-05-13 15:09:47.345 | INFO     | services.l2_sliding_counter:backfill_from_db:209 - sliding-counter backfill 完成：耗时 1.0s，回填 0 条
2026-05-13 15:09:47.346 | INFO     | __main__:main:235 - SlidingCounter backfill 结束：ok=True total=0 elapsed=1.0s
2026-05-13 15:09:47.415 | INFO     | services.l0_dedup:backfill_from_db:132 - deduplicator backfill 完成：回填 0 条指纹（window_hours=24）
2026-05-13 15:09:47.415 | INFO     | scheduler.jobs:_worker_loop:95 - summary worker 启动:level1=0,level2=0,new=3,空闲 sleep 30s
2026-05-13 15:09:47.416 | INFO     | __main__:main:305 - 服务启动成功:worker 只跑新链路 (Phase 1 new services=3，空闲 sleep 30s)
2026-05-13 15:10:05.093 | INFO     | services.l0_normalizer:run_once:141 - normalizer 本轮：扫描 1500 条（tw=500 bn=500 dc=500）→ 写入 1500 条（重复 58 条，空内容跳过 0 条）
2026-05-13 15:10:05.401 | INFO     | services.l1_entity_extractor:run_once:134 - entity_extractor 本轮：处理 500 条消息 → 产出 491 条实体提及
2026-05-13 15:10:05.430 | INFO     | services.l2_hotness:run_once:183 - hotness window_end=2026-05-13 07:00:00+00:00 top_k=0 elapsed=0.0s
2026-05-13 15:10:21.947 | INFO     | services.l0_normalizer:run_once:141 - normalizer 本轮：扫描 1500 条（tw=500 bn=500 dc=500）→ 写入 1500 条（重复 84 条，空内容跳过 0 条）
2026-05-13 15:10:22.455 | INFO     | services.l1_entity_extractor:run_once:134 - entity_extractor 本轮：处理 500 条消息 → 产出 574 条实体提及
2026-05-13 15:10:43.654 | INFO     | services.l0_normalizer:run_once:141 - normalizer 本轮：扫描 1500 条（tw=500 bn=500 dc=500）→ 写入 1500 条（重复 116 条，空内容跳过 0 条）
2026-05-13 15:10:43.950 | INFO     | services.l1_entity_extractor:run_once:134 - entity_extractor 本轮：处理 500 条消息 → 产出 485 条实体提及
2026-05-13 15:11:02.800 | INFO     | services.l0_normalizer:run_once:141 - normalizer 本轮：扫描 1365 条（tw=365 bn=500 dc=500）→ 写入 1365 条（重复 54 条，空内容跳过 0 条）
2026-05-13 15:11:03.125 | INFO     | services.l1_entity_extractor:run_once:134 - entity_extractor 本轮：处理 500 条消息 → 产出 301 条实体提及
2026-05-13 15:11:12.087 | INFO     | services.l0_normalizer:run_once:141 - normalizer 本轮：扫描 792 条（tw=0 bn=292 dc=500）→ 写入 792 条（重复 54 条，空内容跳过 0 条）
2026-05-13 15:11:12.332 | INFO     | services.l1_entity_extractor:run_once:134 - entity_extractor 本轮：处理 500 条消息 → 产出 327 条实体提及
2026-05-13 15:11:18.761 | INFO     | services.l0_normalizer:run_once:141 - normalizer 本轮：扫描 500 条（tw=0 bn=0 dc=500）→ 写入 500 条（重复 52 条，空内容跳过 0 条）
2026-05-13 15:11:19.022 | INFO     | services.l1_entity_extractor:run_once:134 - entity_extractor 本轮：处理 500 条消息 → 产出 316 条实体提及
2026-05-13 15:11:25.579 | INFO     | services.l0_normalizer:run_once:141 - normalizer 本轮：扫描 500 条（tw=0 bn=0 dc=500）→ 写入 500 条（重复 129 条，空内容跳过 0 条）
2026-05-13 15:11:25.869 | INFO     | services.l1_entity_extractor:run_once:134 - entity_extractor 本轮：处理 500 条消息 → 产出 226 条实体提及
2026-05-13 15:11:31.999 | INFO     | services.l0_normalizer:run_once:141 - normalizer 本轮：扫描 362 条（tw=0 bn=0 dc=362）→ 写入 362 条（重复 71 条，空内容跳过 0 条）
2026-05-13 15:11:32.237 | INFO     | services.l1_entity_extractor:run_once:134 - entity_extractor 本轮：处理 500 条消息 → 产出 254 条实体提及
2026-05-13 15:11:32.501 | INFO     | services.l1_entity_extractor:run_once:134 - entity_extractor 本轮：处理 500 条消息 → 产出 166 条实体提及
2026-05-13 15:11:32.846 | INFO     | services.l1_entity_extractor:run_once:134 - entity_extractor 本轮：处理 500 条消息 → 产出 250 条实体提及
2026-05-13 15:11:33.201 | INFO     | services.l1_entity_extractor:run_once:134 - entity_extractor 本轮：处理 500 条消息 → 产出 205 条实体提及
2026-05-13 15:11:33.567 | INFO     | services.l1_entity_extractor:run_once:134 - entity_extractor 本轮：处理 500 条消息 → 产出 204 条实体提及
2026-05-13 15:11:33.895 | INFO     | services.l1_entity_extractor:run_once:134 - entity_extractor 本轮：处理 500 条消息 → 产出 206 条实体提及
2026-05-13 15:11:34.170 | INFO     | services.l1_entity_extractor:run_once:134 - entity_extractor 本轮：处理 500 条消息 → 产出 237 条实体提及
2026-05-13 15:11:34.442 | INFO     | services.l1_entity_extractor:run_once:134 - entity_extractor 本轮：处理 401 条消息 → 产出 188 条实体提及
2026-05-13 15:11:34.542 | INFO     | scheduler.jobs:_worker_loop:130 - 本轮三组均无数据可处理,sleep 30s 后重试
2026-05-13 15:12:04.832 | INFO     | scheduler.jobs:_worker_loop:130 - 本轮三组均无数据可处理,sleep 30s 后重试
2026-05-13 15:12:35.063 | INFO     | scheduler.jobs:_worker_loop:130 - 本轮三组均无数据可处理,sleep 30s 后重试
2026-05-13 15:13:05.218 | INFO     | scheduler.jobs:_worker_loop:130 - 本轮三组均无数据可处理,sleep 30s 后重试
2026-05-13 15:13:35.384 | INFO     | scheduler.jobs:_worker_loop:130 - 本轮三组均无数据可处理,sleep 30s 后重试
2026-05-13 15:14:05.558 | INFO     | scheduler.jobs:_worker_loop:130 - 本轮三组均无数据可处理,sleep 30s 后重试
2026-05-13 15:14:35.747 | INFO     | scheduler.jobs:_worker_loop:130 - 本轮三组均无数据可处理,sleep 30s 后重试
2026-05-13 15:15:06.566 | INFO     | services.l2_hotness:run_once:183 - hotness window_end=2026-05-13 07:15:00+00:00 top_k=6 elapsed=0.5s
2026-05-13 15:15:06.687 | INFO     | scheduler.jobs:_worker_loop:130 - 本轮三组均无数据可处理,sleep 30s 后重试
2026-05-13 15:15:36.872 | INFO     | scheduler.jobs:_worker_loop:130 - 本轮三组均无数据可处理,sleep 30s 后重试
2026-05-13 15:16:07.056 | INFO     | scheduler.jobs:_worker_loop:130 - 本轮三组均无数据可处理,sleep 30s 后重试
2026-05-13 15:16:37.396 | INFO     | services.l0_normalizer:run_once:141 - normalizer 本轮：扫描 10 条（tw=0 bn=0 dc=10）→ 写入 10 条（重复 0 条，空内容跳过 0 条）
2026-05-13 15:16:37.493 | INFO     | services.l1_entity_extractor:run_once:134 - entity_extractor 本轮：处理 10 条消息 → 产出 1 条实体提及
2026-05-13 15:16:37.583 | INFO     | scheduler.jobs:_worker_loop:130 - 本轮三组均无数据可处理,sleep 30s 后重试
2026-05-13 15:17:07.767 | INFO     | scheduler.jobs:_worker_loop:130 - 本轮三组均无数据可处理,sleep 30s 后重试
2026-05-13 15:17:37.915 | INFO     | scheduler.jobs:_worker_loop:130 - 本轮三组均无数据可处理,sleep 30s 后重试
2026-05-13 15:18:08.184 | INFO     | scheduler.jobs:_worker_loop:130 - 本轮三组均无数据可处理,sleep 30s 后重试
2026-05-13 15:18:38.360 | INFO     | scheduler.jobs:_worker_loop:130 - 本轮三组均无数据可处理,sleep 30s 后重试
2026-05-13 15:19:08.571 | INFO     | scheduler.jobs:_worker_loop:130 - 本轮三组均无数据可处理,sleep 30s 后重试
2026-05-13 15:19:38.847 | INFO     | scheduler.jobs:_worker_loop:130 - 本轮三组均无数据可处理,sleep 30s 后重试
2026-05-13 15:20:08.979 | INFO     | scheduler.jobs:_worker_loop:130 - 本轮三组均无数据可处理,sleep 30s 后重试
2026-05-13 15:20:39.258 | INFO     | scheduler.jobs:_worker_loop:130 - 本轮三组均无数据可处理,sleep 30s 后重试
2026-05-13 15:21:09.470 | INFO     | scheduler.jobs:_worker_loop:130 - 本轮三组均无数据可处理,sleep 30s 后重试
2026-05-13 15:21:39.615 | INFO     | services.l0_normalizer:run_once:141 - normalizer 本轮：扫描 2 条（tw=0 bn=2 dc=0）→ 写入 2 条（重复 0 条，空内容跳过 0 条）
2026-05-13 15:21:39.699 | INFO     | services.l1_entity_extractor:run_once:134 - entity_extractor 本轮：处理 2 条消息 → 产出 3 条实体提及
2026-05-13 15:21:39.874 | INFO     | scheduler.jobs:_worker_loop:130 - 本轮三组均无数据可处理,sleep 30s 后重试
2026-05-13 15:22:10.036 | INFO     | scheduler.jobs:_worker_loop:130 - 本轮三组均无数据可处理,sleep 30s 后重试
2026-05-13 15:22:40.156 | INFO     | scheduler.jobs:_worker_loop:130 - 本轮三组均无数据可处理,sleep 30s 后重试
2026-05-13 15:23:10.427 | INFO     | scheduler.jobs:_worker_loop:130 - 本轮三组均无数据可处理,sleep 30s 后重试
2026-05-13 15:23:40.585 | INFO     | scheduler.jobs:_worker_loop:130 - 本轮三组均无数据可处理,sleep 30s 后重试
2026-05-13 15:24:10.696 | INFO     | scheduler.jobs:_worker_loop:130 - 本轮三组均无数据可处理,sleep 30s 后重试
2026-05-13 15:24:40.852 | INFO     | scheduler.jobs:_worker_loop:130 - 本轮三组均无数据可处理,sleep 30s 后重试
2026-05-13 15:25:11.048 | INFO     | scheduler.jobs:_worker_loop:130 - 本轮三组均无数据可处理,sleep 30s 后重试
2026-05-13 15:25:41.386 | INFO     | scheduler.jobs:_worker_loop:130 - 本轮三组均无数据可处理,sleep 30s 后重试
2026-05-13 15:26:11.637 | INFO     | scheduler.jobs:_worker_loop:130 - 本轮三组均无数据可处理,sleep 30s 后重试
2026-05-13 15:26:41.818 | INFO     | scheduler.jobs:_worker_loop:130 - 本轮三组均无数据可处理,sleep 30s 后重试
2026-05-13 15:27:12.027 | INFO     | scheduler.jobs:_worker_loop:130 - 本轮三组均无数据可处理,sleep 30s 后重试
2026-05-13 15:27:42.187 | INFO     | scheduler.jobs:_worker_loop:130 - 本轮三组均无数据可处理,sleep 30s 后重试
2026-05-13 15:28:12.393 | INFO     | scheduler.jobs:_worker_loop:130 - 本轮三组均无数据可处理,sleep 30s 后重试
2026-05-13 15:28:42.503 | INFO     | scheduler.jobs:_worker_loop:130 - 本轮三组均无数据可处理,sleep 30s 后重试
2026-05-13 15:29:12.775 | INFO     | scheduler.jobs:_worker_loop:130 - 本轮三组均无数据可处理,sleep 30s 后重试
2026-05-13 15:29:42.934 | INFO     | scheduler.jobs:_worker_loop:130 - 本轮三组均无数据可处理,sleep 30s 后重试
2026-05-13 15:30:13.183 | INFO     | services.l0_normalizer:run_once:141 - normalizer 本轮：扫描 4 条（tw=0 bn=4 dc=0）→ 写入 4 条（重复 0 条，空内容跳过 0 条）
2026-05-13 15:30:13.261 | INFO     | services.l1_entity_extractor:run_once:134 - entity_extractor 本轮：处理 4 条消息 → 产出 1 条实体提及
2026-05-13 15:30:13.927 | INFO     | services.l2_hotness:run_once:183 - hotness window_end=2026-05-13 07:30:00+00:00 top_k=7 elapsed=0.6s
2026-05-13 15:30:14.116 | INFO     | scheduler.jobs:_worker_loop:130 - 本轮三组均无数据可处理,sleep 30s 后重试
2026-05-13 15:30:44.324 | INFO     | scheduler.jobs:_worker_loop:130 - 本轮三组均无数据可处理,sleep 30s 后重试
2026-05-13 15:31:14.578 | INFO     | scheduler.jobs:_worker_loop:130 - 本轮三组均无数据可处理,sleep 30s 后重试
2026-05-13 15:31:44.851 | INFO     | scheduler.jobs:_worker_loop:130 - 本轮三组均无数据可处理,sleep 30s 后重试
2026-05-13 15:32:14.994 | INFO     | scheduler.jobs:_worker_loop:130 - 本轮三组均无数据可处理,sleep 30s 后重试
2026-05-13 15:32:45.184 | INFO     | scheduler.jobs:_worker_loop:130 - 本轮三组均无数据可处理,sleep 30s 后重试
2026-05-13 15:33:15.321 | INFO     | scheduler.jobs:_worker_loop:130 - 本轮三组均无数据可处理,sleep 30s 后重试
2026-05-13 15:33:45.503 | INFO     | scheduler.jobs:_worker_loop:130 - 本轮三组均无数据可处理,sleep 30s 后重试
2026-05-13 15:34:15.754 | INFO     | scheduler.jobs:_worker_loop:130 - 本轮三组均无数据可处理,sleep 30s 后重试
2026-05-13 15:34:45.933 | INFO     | scheduler.jobs:_worker_loop:130 - 本轮三组均无数据可处理,sleep 30s 后重试
2026-05-13 15:35:16.215 | INFO     | scheduler.jobs:_worker_loop:130 - 本轮三组均无数据可处理,sleep 30s 后重试
2026-05-13 15:35:46.350 | INFO     | scheduler.jobs:_worker_loop:130 - 本轮三组均无数据可处理,sleep 30s 后重试
2026-05-13 15:36:16.550 | INFO     | scheduler.jobs:_worker_loop:130 - 本轮三组均无数据可处理,sleep 30s 后重试
2026-05-13 15:36:46.766 | INFO     | scheduler.jobs:_worker_loop:130 - 本轮三组均无数据可处理,sleep 30s 后重试
2026-05-13 15:37:16.957 | INFO     | scheduler.jobs:_worker_loop:130 - 本轮三组均无数据可处理,sleep 30s 后重试
2026-05-13 15:37:47.166 | INFO     | scheduler.jobs:_worker_loop:130 - 本轮三组均无数据可处理,sleep 30s 后重试
2026-05-13 15:38:17.372 | INFO     | scheduler.jobs:_worker_loop:130 - 本轮三组均无数据可处理,sleep 30s 后重试
2026-05-13 15:38:47.519 | INFO     | scheduler.jobs:_worker_loop:130 - 本轮三组均无数据可处理,sleep 30s 后重试
2026-05-13 15:39:17.874 | INFO     | scheduler.jobs:_worker_loop:130 - 本轮三组均无数据可处理,sleep 30s 后重试
2026-05-13 15:39:48.209 | INFO     | scheduler.jobs:_worker_loop:130 - 本轮三组均无数据可处理,sleep 30s 后重试
2026-05-13 15:40:18.581 | INFO     | services.l0_normalizer:run_once:141 - normalizer 本轮：扫描 2 条（tw=0 bn=2 dc=0）→ 写入 2 条（重复 0 条，空内容跳过 0 条）
2026-05-13 15:40:18.732 | INFO     | services.l1_entity_extractor:run_once:134 - entity_extractor 本轮：处理 2 条消息 → 产出 0 条实体提及
2026-05-13 15:40:18.817 | INFO     | scheduler.jobs:_worker_loop:130 - 本轮三组均无数据可处理,sleep 30s 后重试
2026-05-13 15:40:49.080 | INFO     | scheduler.jobs:_worker_loop:130 - 本轮三组均无数据可处理,sleep 30s 后重试
2026-05-13 15:41:19.293 | INFO     | scheduler.jobs:_worker_loop:130 - 本轮三组均无数据可处理,sleep 30s 后重试
2026-05-13 15:41:49.519 | INFO     | scheduler.jobs:_worker_loop:130 - 本轮三组均无数据可处理,sleep 30s 后重试
2026-05-13 15:42:19.657 | INFO     | scheduler.jobs:_worker_loop:130 - 本轮三组均无数据可处理,sleep 30s 后重试
2026-05-13 15:42:49.768 | INFO     | scheduler.jobs:_worker_loop:130 - 本轮三组均无数据可处理,sleep 30s 后重试
2026-05-13 15:43:19.893 | INFO     | scheduler.jobs:_worker_loop:130 - 本轮三组均无数据可处理,sleep 30s 后重试
2026-05-13 15:43:50.141 | INFO     | scheduler.jobs:_worker_loop:130 - 本轮三组均无数据可处理,sleep 30s 后重试
2026-05-13 15:44:20.318 | INFO     | scheduler.jobs:_worker_loop:130 - 本轮三组均无数据可处理,sleep 30s 后重试
2026-05-13 15:44:50.478 | INFO     | scheduler.jobs:_worker_loop:130 - 本轮三组均无数据可处理,sleep 30s 后重试
2026-05-13 15:45:21.005 | INFO     | services.l2_hotness:run_once:183 - hotness window_end=2026-05-13 07:45:00+00:00 top_k=6 elapsed=0.4s
2026-05-13 15:45:21.107 | INFO     | scheduler.jobs:_worker_loop:130 - 本轮三组均无数据可处理,sleep 30s 后重试
2026-05-13 15:45:51.358 | INFO     | scheduler.jobs:_worker_loop:130 - 本轮三组均无数据可处理,sleep 30s 后重试
2026-05-13 15:46:21.509 | INFO     | scheduler.jobs:_worker_loop:130 - 本轮三组均无数据可处理,sleep 30s 后重试
2026-05-13 15:46:51.666 | INFO     | scheduler.jobs:_worker_loop:130 - 本轮三组均无数据可处理,sleep 30s 后重试
2026-05-13 15:47:21.829 | INFO     | scheduler.jobs:_worker_loop:130 - 本轮三组均无数据可处理,sleep 30s 后重试
2026-05-13 15:47:52.152 | INFO     | services.l0_normalizer:run_once:141 - normalizer 本轮：扫描 12 条（tw=0 bn=0 dc=12）→ 写入 12 条（重复 1 条，空内容跳过 0 条）
2026-05-13 15:47:52.236 | INFO     | services.l1_entity_extractor:run_once:134 - entity_extractor 本轮：处理 11 条消息 → 产出 2 条实体提及
2026-05-13 15:47:52.327 | INFO     | scheduler.jobs:_worker_loop:130 - 本轮三组均无数据可处理,sleep 30s 后重试
2026-05-13 15:48:22.447 | INFO     | scheduler.jobs:_worker_loop:130 - 本轮三组均无数据可处理,sleep 30s 后重试
2026-05-13 15:48:52.563 | INFO     | scheduler.jobs:_worker_loop:130 - 本轮三组均无数据可处理,sleep 30s 后重试
2026-05-13 15:49:22.921 | INFO     | scheduler.jobs:_worker_loop:130 - 本轮三组均无数据可处理,sleep 30s 后重试
2026-05-13 15:49:54.161 | INFO     | services.l0_normalizer:run_once:141 - normalizer 本轮：扫描 4 条（tw=0 bn=4 dc=0）→ 写入 4 条（重复 0 条，空内容跳过 0 条）
2026-05-13 15:49:54.979 | INFO     | services.l1_entity_extractor:run_once:134 - entity_extractor 本轮：处理 4 条消息 → 产出 4 条实体提及
2026-05-13 15:49:55.109 | INFO     | scheduler.jobs:_worker_loop:130 - 本轮三组均无数据可处理,sleep 30s 后重试
2026-05-13 15:50:25.205 | INFO     | scheduler.jobs:_worker_loop:130 - 本轮三组均无数据可处理,sleep 30s 后重试
2026-05-13 15:50:55.333 | INFO     | scheduler.jobs:_worker_loop:130 - 本轮三组均无数据可处理,sleep 30s 后重试
2026-05-13 15:51:25.550 | INFO     | scheduler.jobs:_worker_loop:130 - 本轮三组均无数据可处理,sleep 30s 后重试
2026-05-13 15:51:55.782 | INFO     | scheduler.jobs:_worker_loop:130 - 本轮三组均无数据可处理,sleep 30s 后重试
2026-05-13 15:52:26.011 | INFO     | scheduler.jobs:_worker_loop:130 - 本轮三组均无数据可处理,sleep 30s 后重试
2026-05-13 15:52:56.314 | INFO     | scheduler.jobs:_worker_loop:130 - 本轮三组均无数据可处理,sleep 30s 后重试
2026-05-13 15:53:26.461 | INFO     | scheduler.jobs:_worker_loop:130 - 本轮三组均无数据可处理,sleep 30s 后重试
2026-05-13 15:53:56.623 | INFO     | scheduler.jobs:_worker_loop:130 - 本轮三组均无数据可处理,sleep 30s 后重试
2026-05-13 15:54:27.148 | INFO     | services.l0_normalizer:run_once:141 - normalizer 本轮：扫描 17 条（tw=17 bn=0 dc=0）→ 写入 17 条（重复 0 条，空内容跳过 0 条）
2026-05-13 15:54:27.225 | INFO     | services.l1_entity_extractor:run_once:134 - entity_extractor 本轮：处理 17 条消息 → 产出 4 条实体提及
2026-05-13 15:54:27.306 | INFO     | scheduler.jobs:_worker_loop:130 - 本轮三组均无数据可处理,sleep 30s 后重试
2026-05-13 15:54:57.530 | INFO     | scheduler.jobs:_worker_loop:130 - 本轮三组均无数据可处理,sleep 30s 后重试
2026-05-13 15:55:27.800 | INFO     | scheduler.jobs:_worker_loop:130 - 本轮三组均无数据可处理,sleep 30s 后重试
2026-05-13 15:55:58.026 | INFO     | scheduler.jobs:_worker_loop:130 - 本轮三组均无数据可处理,sleep 30s 后重试
2026-05-13 15:56:28.359 | INFO     | scheduler.jobs:_worker_loop:130 - 本轮三组均无数据可处理,sleep 30s 后重试
2026-05-13 15:56:58.593 | INFO     | scheduler.jobs:_worker_loop:130 - 本轮三组均无数据可处理,sleep 30s 后重试
2026-05-13 15:57:28.857 | INFO     | services.l0_normalizer:run_once:141 - normalizer 本轮：扫描 5 条（tw=0 bn=5 dc=0）→ 写入 5 条（重复 0 条，空内容跳过 0 条）
2026-05-13 15:57:28.961 | INFO     | services.l1_entity_extractor:run_once:134 - entity_extractor 本轮：处理 5 条消息 → 产出 6 条实体提及
2026-05-13 15:57:29.051 | INFO     | scheduler.jobs:_worker_loop:130 - 本轮三组均无数据可处理,sleep 30s 后重试
2026-05-13 15:57:59.304 | INFO     | scheduler.jobs:_worker_loop:130 - 本轮三组均无数据可处理,sleep 30s 后重试
2026-05-13 15:58:29.711 | INFO     | services.l0_normalizer:run_once:141 - normalizer 本轮：扫描 10 条（tw=0 bn=0 dc=10）→ 写入 10 条（重复 3 条，空内容跳过 0 条）
2026-05-13 15:58:29.775 | INFO     | services.l1_entity_extractor:run_once:134 - entity_extractor 本轮：处理 7 条消息 → 产出 0 条实体提及
2026-05-13 15:58:30.578 | INFO     | scheduler.jobs:_worker_loop:130 - 本轮三组均无数据可处理,sleep 30s 后重试
2026-05-13 15:59:00.838 | INFO     | scheduler.jobs:_worker_loop:130 - 本轮三组均无数据可处理,sleep 30s 后重试
2026-05-13 15:59:30.988 | INFO     | scheduler.jobs:_worker_loop:130 - 本轮三组均无数据可处理,sleep 30s 后重试
2026-05-13 16:00:01.977 | INFO     | services.l2_hotness:run_once:183 - hotness window_end=2026-05-13 08:00:00+00:00 top_k=8 elapsed=0.6s
2026-05-13 16:00:02.070 | INFO     | scheduler.jobs:_worker_loop:130 - 本轮三组均无数据可处理,sleep 30s 后重试
2026-05-13 16:00:32.279 | INFO     | scheduler.jobs:_worker_loop:130 - 本轮三组均无数据可处理,sleep 30s 后重试
2026-05-13 16:01:02.470 | INFO     | scheduler.jobs:_worker_loop:130 - 本轮三组均无数据可处理,sleep 30s 后重试
2026-05-13 16:01:32.620 | INFO     | scheduler.jobs:_worker_loop:130 - 本轮三组均无数据可处理,sleep 30s 后重试
2026-05-13 16:02:02.840 | INFO     | scheduler.jobs:_worker_loop:130 - 本轮三组均无数据可处理,sleep 30s 后重试
2026-05-13 16:02:33.098 | INFO     | scheduler.jobs:_worker_loop:130 - 本轮三组均无数据可处理,sleep 30s 后重试
2026-05-13 16:03:03.317 | INFO     | scheduler.jobs:_worker_loop:130 - 本轮三组均无数据可处理,sleep 30s 后重试
2026-05-13 16:03:33.543 | INFO     | scheduler.jobs:_worker_loop:130 - 本轮三组均无数据可处理,sleep 30s 后重试
2026-05-13 16:04:03.734 | INFO     | scheduler.jobs:_worker_loop:130 - 本轮三组均无数据可处理,sleep 30s 后重试
2026-05-13 16:04:34.691 | INFO     | scheduler.jobs:_worker_loop:130 - 本轮三组均无数据可处理,sleep 30s 后重试
2026-05-13 16:05:05.063 | INFO     | services.l0_normalizer:run_once:141 - normalizer 本轮：扫描 8 条（tw=0 bn=8 dc=0）→ 写入 8 条（重复 0 条，空内容跳过 0 条）
2026-05-13 16:05:05.144 | INFO     | services.l1_entity_extractor:run_once:134 - entity_extractor 本轮：处理 8 条消息 → 产出 10 条实体提及
2026-05-13 16:05:05.307 | INFO     | scheduler.jobs:_worker_loop:130 - 本轮三组均无数据可处理,sleep 30s 后重试
2026-05-13 16:05:35.491 | INFO     | scheduler.jobs:_worker_loop:130 - 本轮三组均无数据可处理,sleep 30s 后重试
2026-05-13 16:06:05.699 | INFO     | scheduler.jobs:_worker_loop:130 - 本轮三组均无数据可处理,sleep 30s 后重试
2026-05-13 16:06:35.890 | INFO     | scheduler.jobs:_worker_loop:130 - 本轮三组均无数据可处理,sleep 30s 后重试
2026-05-13 16:07:06.153 | INFO     | scheduler.jobs:_worker_loop:130 - 本轮三组均无数据可处理,sleep 30s 后重试
2026-05-13 16:07:36.887 | INFO     | scheduler.jobs:_worker_loop:130 - 本轮三组均无数据可处理,sleep 30s 后重试
2026-05-13 16:08:07.066 | INFO     | scheduler.jobs:_worker_loop:130 - 本轮三组均无数据可处理,sleep 30s 后重试
2026-05-13 16:08:37.269 | INFO     | scheduler.jobs:_worker_loop:130 - 本轮三组均无数据可处理,sleep 30s 后重试
2026-05-13 16:09:07.529 | INFO     | scheduler.jobs:_worker_loop:130 - 本轮三组均无数据可处理,sleep 30s 后重试
2026-05-13 16:09:37.700 | INFO     | scheduler.jobs:_worker_loop:130 - 本轮三组均无数据可处理,sleep 30s 后重试
2026-05-13 16:10:09.112 | INFO     | scheduler.jobs:_worker_loop:130 - 本轮三组均无数据可处理,sleep 30s 后重试
2026-05-13 16:10:39.325 | INFO     | services.l0_normalizer:run_once:141 - normalizer 本轮：扫描 8 条（tw=0 bn=8 dc=0）→ 写入 8 条（重复 0 条，空内容跳过 0 条）
2026-05-13 16:10:39.591 | INFO     | services.l1_entity_extractor:run_once:134 - entity_extractor 本轮：处理 8 条消息 → 产出 6 条实体提及
2026-05-13 16:10:39.678 | INFO     | scheduler.jobs:_worker_loop:130 - 本轮三组均无数据可处理,sleep 30s 后重试
2026-05-13 16:11:09.812 | INFO     | scheduler.jobs:_worker_loop:130 - 本轮三组均无数据可处理,sleep 30s 后重试
2026-05-13 16:11:39.927 | INFO     | scheduler.jobs:_worker_loop:130 - 本轮三组均无数据可处理,sleep 30s 后重试
2026-05-13 16:12:10.253 | INFO     | services.l0_normalizer:run_once:141 - normalizer 本轮：扫描 10 条（tw=0 bn=0 dc=10）→ 写入 10 条（重复 0 条，空内容跳过 0 条）
2026-05-13 16:12:10.341 | INFO     | services.l1_entity_extractor:run_once:134 - entity_extractor 本轮：处理 10 条消息 → 产出 0 条实体提及
2026-05-13 16:12:10.457 | INFO     | scheduler.jobs:_worker_loop:130 - 本轮三组均无数据可处理,sleep 30s 后重试
2026-05-13 16:12:40.613 | INFO     | scheduler.jobs:_worker_loop:130 - 本轮三组均无数据可处理,sleep 30s 后重试
2026-05-13 16:13:10.735 | INFO     | scheduler.jobs:_worker_loop:130 - 本轮三组均无数据可处理,sleep 30s 后重试
2026-05-13 16:13:40.946 | INFO     | scheduler.jobs:_worker_loop:130 - 本轮三组均无数据可处理,sleep 30s 后重试
2026-05-13 16:14:11.161 | INFO     | scheduler.jobs:_worker_loop:130 - 本轮三组均无数据可处理,sleep 30s 后重试
2026-05-13 16:14:41.464 | INFO     | scheduler.jobs:_worker_loop:130 - 本轮三组均无数据可处理,sleep 30s 后重试
2026-05-13 16:15:12.116 | INFO     | services.l2_hotness:run_once:183 - hotness window_end=2026-05-13 08:15:00+00:00 top_k=7 elapsed=0.4s
2026-05-13 16:15:12.322 | INFO     | scheduler.jobs:_worker_loop:130 - 本轮三组均无数据可处理,sleep 30s 后重试
2026-05-13 16:15:43.289 | INFO     | scheduler.jobs:_worker_loop:130 - 本轮三组均无数据可处理,sleep 30s 后重试
2026-05-13 16:16:13.571 | INFO     | scheduler.jobs:_worker_loop:130 - 本轮三组均无数据可处理,sleep 30s 后重试
2026-05-13 16:16:43.747 | INFO     | scheduler.jobs:_worker_loop:130 - 本轮三组均无数据可处理,sleep 30s 后重试
2026-05-13 16:17:14.837 | INFO     | scheduler.jobs:_worker_loop:130 - 本轮三组均无数据可处理,sleep 30s 后重试
2026-05-13 16:17:45.016 | INFO     | scheduler.jobs:_worker_loop:130 - 本轮三组均无数据可处理,sleep 30s 后重试
2026-05-13 16:18:15.185 | INFO     | scheduler.jobs:_worker_loop:130 - 本轮三组均无数据可处理,sleep 30s 后重试
2026-05-13 16:18:45.394 | INFO     | scheduler.jobs:_worker_loop:130 - 本轮三组均无数据可处理,sleep 30s 后重试
2026-05-13 16:19:15.730 | INFO     | services.l0_normalizer:run_once:141 - normalizer 本轮：扫描 5 条（tw=0 bn=5 dc=0）→ 写入 5 条（重复 0 条，空内容跳过 0 条）
2026-05-13 16:19:15.833 | INFO     | services.l1_entity_extractor:run_once:134 - entity_extractor 本轮：处理 5 条消息 → 产出 5 条实体提及
2026-05-13 16:19:15.942 | INFO     | scheduler.jobs:_worker_loop:130 - 本轮三组均无数据可处理,sleep 30s 后重试
2026-05-13 16:19:46.111 | INFO     | scheduler.jobs:_worker_loop:130 - 本轮三组均无数据可处理,sleep 30s 后重试
2026-05-13 16:20:16.374 | INFO     | scheduler.jobs:_worker_loop:130 - 本轮三组均无数据可处理,sleep 30s 后重试
2026-05-13 16:20:46.714 | INFO     | services.l0_normalizer:run_once:141 - normalizer 本轮：扫描 10 条（tw=0 bn=0 dc=10）→ 写入 10 条（重复 0 条，空内容跳过 0 条）
2026-05-13 16:20:46.788 | INFO     | services.l1_entity_extractor:run_once:134 - entity_extractor 本轮：处理 10 条消息 → 产出 3 条实体提及
2026-05-13 16:20:46.894 | INFO     | scheduler.jobs:_worker_loop:130 - 本轮三组均无数据可处理,sleep 30s 后重试
2026-05-13 16:21:17.084 | INFO     | scheduler.jobs:_worker_loop:130 - 本轮三组均无数据可处理,sleep 30s 后重试
2026-05-13 16:21:47.258 | INFO     | scheduler.jobs:_worker_loop:130 - 本轮三组均无数据可处理,sleep 30s 后重试
2026-05-13 16:22:17.459 | INFO     | scheduler.jobs:_worker_loop:130 - 本轮三组均无数据可处理,sleep 30s 后重试
2026-05-13 16:22:47.760 | INFO     | scheduler.jobs:_worker_loop:130 - 本轮三组均无数据可处理,sleep 30s 后重试
2026-05-13 16:23:18.016 | INFO     | scheduler.jobs:_worker_loop:130 - 本轮三组均无数据可处理,sleep 30s 后重试
2026-05-13 16:23:48.161 | INFO     | scheduler.jobs:_worker_loop:130 - 本轮三组均无数据可处理,sleep 30s 后重试
2026-05-13 16:24:18.339 | INFO     | scheduler.jobs:_worker_loop:130 - 本轮三组均无数据可处理,sleep 30s 后重试
2026-05-13 16:24:48.508 | INFO     | scheduler.jobs:_worker_loop:130 - 本轮三组均无数据可处理,sleep 30s 后重试
2026-05-13 16:25:18.736 | INFO     | scheduler.jobs:_worker_loop:130 - 本轮三组均无数据可处理,sleep 30s 后重试
2026-05-13 16:25:48.927 | INFO     | scheduler.jobs:_worker_loop:130 - 本轮三组均无数据可处理,sleep 30s 后重试
2026-05-13 16:26:19.091 | INFO     | scheduler.jobs:_worker_loop:130 - 本轮三组均无数据可处理,sleep 30s 后重试
2026-05-13 16:26:49.234 | INFO     | scheduler.jobs:_worker_loop:130 - 本轮三组均无数据可处理,sleep 30s 后重试
2026-05-13 16:27:19.521 | INFO     | scheduler.jobs:_worker_loop:130 - 本轮三组均无数据可处理,sleep 30s 后重试
2026-05-13 16:27:49.759 | INFO     | scheduler.jobs:_worker_loop:130 - 本轮三组均无数据可处理,sleep 30s 后重试
2026-05-13 16:28:19.874 | INFO     | scheduler.jobs:_worker_loop:130 - 本轮三组均无数据可处理,sleep 30s 后重试
2026-05-13 16:28:50.197 | INFO     | scheduler.jobs:_worker_loop:130 - 本轮三组均无数据可处理,sleep 30s 后重试
2026-05-13 16:29:20.401 | INFO     | scheduler.jobs:_worker_loop:130 - 本轮三组均无数据可处理,sleep 30s 后重试
2026-05-13 16:29:50.663 | INFO     | services.l0_normalizer:run_once:141 - normalizer 本轮：扫描 2 条（tw=0 bn=2 dc=0）→ 写入 2 条（重复 0 条，空内容跳过 0 条）
2026-05-13 16:29:50.764 | INFO     | services.l1_entity_extractor:run_once:134 - entity_extractor 本轮：处理 2 条消息 → 产出 5 条实体提及
2026-05-13 16:29:50.881 | INFO     | scheduler.jobs:_worker_loop:130 - 本轮三组均无数据可处理,sleep 30s 后重试
2026-05-13 16:30:21.445 | INFO     | services.l2_hotness:run_once:183 - hotness window_end=2026-05-13 08:30:00+00:00 top_k=6 elapsed=0.4s
2026-05-13 16:30:21.557 | INFO     | scheduler.jobs:_worker_loop:130 - 本轮三组均无数据可处理,sleep 30s 后重试
2026-05-13 16:30:51.724 | INFO     | scheduler.jobs:_worker_loop:130 - 本轮三组均无数据可处理,sleep 30s 后重试
2026-05-13 16:31:22.102 | INFO     | scheduler.jobs:_worker_loop:130 - 本轮三组均无数据可处理,sleep 30s 后重试
2026-05-13 16:31:52.488 | INFO     | scheduler.jobs:_worker_loop:130 - 本轮三组均无数据可处理,sleep 30s 后重试
2026-05-13 16:32:22.650 | INFO     | scheduler.jobs:_worker_loop:130 - 本轮三组均无数据可处理,sleep 30s 后重试
2026-05-13 16:32:52.828 | INFO     | scheduler.jobs:_worker_loop:130 - 本轮三组均无数据可处理,sleep 30s 后重试
2026-05-13 16:33:22.980 | INFO     | scheduler.jobs:_worker_loop:130 - 本轮三组均无数据可处理,sleep 30s 后重试
2026-05-13 16:33:53.136 | INFO     | scheduler.jobs:_worker_loop:130 - 本轮三组均无数据可处理,sleep 30s 后重试
2026-05-13 16:34:23.511 | INFO     | services.l0_normalizer:run_once:141 - normalizer 本轮：扫描 14 条（tw=0 bn=0 dc=14）→ 写入 14 条（重复 1 条，空内容跳过 0 条）
2026-05-13 16:34:23.621 | INFO     | services.l1_entity_extractor:run_once:134 - entity_extractor 本轮：处理 13 条消息 → 产出 0 条实体提及
2026-05-13 16:34:23.767 | INFO     | scheduler.jobs:_worker_loop:130 - 本轮三组均无数据可处理,sleep 30s 后重试
2026-05-13 16:34:54.080 | INFO     | scheduler.jobs:_worker_loop:130 - 本轮三组均无数据可处理,sleep 30s 后重试
2026-05-13 16:35:24.213 | INFO     | scheduler.jobs:_worker_loop:130 - 本轮三组均无数据可处理,sleep 30s 后重试
2026-05-13 16:35:54.505 | INFO     | services.l0_normalizer:run_once:141 - normalizer 本轮：扫描 3 条（tw=0 bn=3 dc=0）→ 写入 3 条（重复 0 条，空内容跳过 0 条）
2026-05-13 16:35:54.644 | INFO     | services.l1_entity_extractor:run_once:134 - entity_extractor 本轮：处理 3 条消息 → 产出 5 条实体提及
2026-05-13 16:35:54.776 | INFO     | scheduler.jobs:_worker_loop:130 - 本轮三组均无数据可处理,sleep 30s 后重试
2026-05-13 16:36:25.171 | INFO     | scheduler.jobs:_worker_loop:130 - 本轮三组均无数据可处理,sleep 30s 后重试
2026-05-13 16:36:55.735 | INFO     | scheduler.jobs:_worker_loop:130 - 本轮三组均无数据可处理,sleep 30s 后重试
2026-05-13 16:37:26.634 | INFO     | services.l0_normalizer:run_once:141 - normalizer 本轮：扫描 10 条（tw=0 bn=0 dc=10）→ 写入 10 条（重复 0 条，空内容跳过 0 条）
2026-05-13 16:37:26.701 | INFO     | services.l1_entity_extractor:run_once:134 - entity_extractor 本轮：处理 10 条消息 → 产出 0 条实体提及
2026-05-13 16:37:26.792 | INFO     | scheduler.jobs:_worker_loop:130 - 本轮三组均无数据可处理,sleep 30s 后重试
2026-05-13 16:37:56.989 | INFO     | scheduler.jobs:_worker_loop:130 - 本轮三组均无数据可处理,sleep 30s 后重试
2026-05-13 16:38:27.204 | INFO     | scheduler.jobs:_worker_loop:130 - 本轮三组均无数据可处理,sleep 30s 后重试
2026-05-13 16:38:57.417 | INFO     | scheduler.jobs:_worker_loop:130 - 本轮三组均无数据可处理,sleep 30s 后重试
2026-05-13 16:39:28.101 | INFO     | scheduler.jobs:_worker_loop:130 - 本轮三组均无数据可处理,sleep 30s 后重试
2026-05-13 16:39:58.489 | INFO     | scheduler.jobs:_worker_loop:130 - 本轮三组均无数据可处理,sleep 30s 后重试
2026-05-13 16:40:28.657 | INFO     | scheduler.jobs:_worker_loop:130 - 本轮三组均无数据可处理,sleep 30s 后重试
2026-05-13 16:40:59.488 | INFO     | scheduler.jobs:_worker_loop:130 - 本轮三组均无数据可处理,sleep 30s 后重试
2026-05-13 16:41:29.619 | INFO     | scheduler.jobs:_worker_loop:130 - 本轮三组均无数据可处理,sleep 30s 后重试
2026-05-13 16:42:00.311 | INFO     | services.l0_normalizer:run_once:141 - normalizer 本轮：扫描 17 条（tw=0 bn=0 dc=17）→ 写入 17 条（重复 5 条，空内容跳过 0 条）
2026-05-13 16:42:00.419 | INFO     | services.l1_entity_extractor:run_once:134 - entity_extractor 本轮：处理 12 条消息 → 产出 3 条实体提及
2026-05-13 16:42:00.511 | INFO     | scheduler.jobs:_worker_loop:130 - 本轮三组均无数据可处理,sleep 30s 后重试
2026-05-13 16:42:31.767 | INFO     | services.l0_normalizer:run_once:141 - normalizer 本轮：扫描 2 条（tw=0 bn=2 dc=0）→ 写入 2 条（重复 0 条，空内容跳过 0 条）
2026-05-13 16:42:32.687 | INFO     | services.l1_entity_extractor:run_once:134 - entity_extractor 本轮：处理 2 条消息 → 产出 6 条实体提及
2026-05-13 16:42:32.815 | INFO     | scheduler.jobs:_worker_loop:130 - 本轮三组均无数据可处理,sleep 30s 后重试
2026-05-13 16:43:03.342 | INFO     | scheduler.jobs:_worker_loop:130 - 本轮三组均无数据可处理,sleep 30s 后重试
2026-05-13 16:43:33.475 | INFO     | scheduler.jobs:_worker_loop:130 - 本轮三组均无数据可处理,sleep 30s 后重试
2026-05-13 16:44:04.307 | INFO     | scheduler.jobs:_worker_loop:130 - 本轮三组均无数据可处理,sleep 30s 后重试
2026-05-13 16:44:34.608 | INFO     | scheduler.jobs:_worker_loop:130 - 本轮三组均无数据可处理,sleep 30s 后重试
2026-05-13 16:45:05.939 | INFO     | services.l2_hotness:run_once:183 - hotness window_end=2026-05-13 08:45:00+00:00 top_k=12 elapsed=0.6s
2026-05-13 16:45:06.341 | INFO     | scheduler.jobs:_worker_loop:130 - 本轮三组均无数据可处理,sleep 30s 后重试
2026-05-13 16:45:36.601 | INFO     | scheduler.jobs:_worker_loop:130 - 本轮三组均无数据可处理,sleep 30s 后重试
2026-05-13 16:46:06.974 | INFO     | scheduler.jobs:_worker_loop:130 - 本轮三组均无数据可处理,sleep 30s 后重试
2026-05-13 16:46:37.199 | INFO     | scheduler.jobs:_worker_loop:130 - 本轮三组均无数据可处理,sleep 30s 后重试
2026-05-13 16:47:08.274 | INFO     | scheduler.jobs:_worker_loop:130 - 本轮三组均无数据可处理,sleep 30s 后重试
2026-05-13 16:47:38.436 | INFO     | scheduler.jobs:_worker_loop:130 - 本轮三组均无数据可处理,sleep 30s 后重试
2026-05-13 16:48:08.658 | INFO     | scheduler.jobs:_worker_loop:130 - 本轮三组均无数据可处理,sleep 30s 后重试
2026-05-13 16:48:38.827 | INFO     | scheduler.jobs:_worker_loop:130 - 本轮三组均无数据可处理,sleep 30s 后重试
2026-05-13 16:49:09.004 | INFO     | scheduler.jobs:_worker_loop:130 - 本轮三组均无数据可处理,sleep 30s 后重试
2026-05-13 16:49:39.362 | INFO     | scheduler.jobs:_worker_loop:130 - 本轮三组均无数据可处理,sleep 30s 后重试
2026-05-13 16:50:10.300 | INFO     | scheduler.jobs:_worker_loop:130 - 本轮三组均无数据可处理,sleep 30s 后重试
2026-05-13 16:50:40.867 | INFO     | scheduler.jobs:_worker_loop:130 - 本轮三组均无数据可处理,sleep 30s 后重试
2026-05-13 16:51:11.147 | INFO     | scheduler.jobs:_worker_loop:130 - 本轮三组均无数据可处理,sleep 30s 后重试
2026-05-13 16:51:41.807 | INFO     | scheduler.jobs:_worker_loop:130 - 本轮三组均无数据可处理,sleep 30s 后重试
2026-05-13 16:52:13.223 | INFO     | services.l0_normalizer:run_once:141 - normalizer 本轮：扫描 10 条（tw=0 bn=0 dc=10）→ 写入 10 条（重复 4 条，空内容跳过 0 条）
2026-05-13 16:52:13.305 | INFO     | services.l1_entity_extractor:run_once:134 - entity_extractor 本轮：处理 6 条消息 → 产出 1 条实体提及
2026-05-13 16:52:13.443 | INFO     | scheduler.jobs:_worker_loop:130 - 本轮三组均无数据可处理,sleep 30s 后重试
2026-05-13 16:52:43.962 | INFO     | scheduler.jobs:_worker_loop:130 - 本轮三组均无数据可处理,sleep 30s 后重试
2026-05-13 16:53:14.182 | INFO     | scheduler.jobs:_worker_loop:130 - 本轮三组均无数据可处理,sleep 30s 后重试
2026-05-13 16:53:44.615 | INFO     | scheduler.jobs:_worker_loop:130 - 本轮三组均无数据可处理,sleep 30s 后重试
2026-05-13 16:54:14.912 | INFO     | services.l0_normalizer:run_once:141 - normalizer 本轮：扫描 3 条（tw=0 bn=3 dc=0）→ 写入 3 条（重复 0 条，空内容跳过 0 条）
2026-05-13 16:54:15.464 | INFO     | services.l1_entity_extractor:run_once:134 - entity_extractor 本轮：处理 3 条消息 → 产出 5 条实体提及
2026-05-13 16:54:17.038 | INFO     | services.l0_normalizer:run_once:141 - normalizer 本轮：扫描 9 条（tw=9 bn=0 dc=0）→ 写入 9 条（重复 0 条，空内容跳过 0 条）
2026-05-13 16:54:17.119 | INFO     | services.l1_entity_extractor:run_once:134 - entity_extractor 本轮：处理 9 条消息 → 产出 5 条实体提及
2026-05-13 16:54:17.205 | INFO     | scheduler.jobs:_worker_loop:130 - 本轮三组均无数据可处理,sleep 30s 后重试
2026-05-13 16:54:47.952 | INFO     | scheduler.jobs:_worker_loop:130 - 本轮三组均无数据可处理,sleep 30s 后重试
2026-05-13 16:55:18.052 | INFO     | scheduler.jobs:_worker_loop:130 - 本轮三组均无数据可处理,sleep 30s 后重试
2026-05-13 16:55:48.224 | INFO     | scheduler.jobs:_worker_loop:130 - 本轮三组均无数据可处理,sleep 30s 后重试
2026-05-13 16:56:18.428 | INFO     | scheduler.jobs:_worker_loop:130 - 本轮三组均无数据可处理,sleep 30s 后重试
2026-05-13 16:56:48.616 | INFO     | scheduler.jobs:_worker_loop:130 - 本轮三组均无数据可处理,sleep 30s 后重试
2026-05-13 16:57:18.866 | INFO     | scheduler.jobs:_worker_loop:130 - 本轮三组均无数据可处理,sleep 30s 后重试
2026-05-13 16:57:49.142 | INFO     | scheduler.jobs:_worker_loop:130 - 本轮三组均无数据可处理,sleep 30s 后重试
2026-05-13 16:58:19.251 | INFO     | scheduler.jobs:_worker_loop:130 - 本轮三组均无数据可处理,sleep 30s 后重试
2026-05-13 16:58:49.442 | INFO     | scheduler.jobs:_worker_loop:130 - 本轮三组均无数据可处理,sleep 30s 后重试
2026-05-13 16:59:19.618 | INFO     | scheduler.jobs:_worker_loop:130 - 本轮三组均无数据可处理,sleep 30s 后重试
2026-05-13 16:59:49.740 | INFO     | scheduler.jobs:_worker_loop:130 - 本轮三组均无数据可处理,sleep 30s 后重试
2026-05-13 17:00:20.023 | INFO     | services.l0_normalizer:run_once:141 - normalizer 本轮：扫描 2 条（tw=0 bn=2 dc=0）→ 写入 2 条（重复 0 条，空内容跳过 0 条）
2026-05-13 17:00:20.098 | INFO     | services.l1_entity_extractor:run_once:134 - entity_extractor 本轮：处理 2 条消息 → 产出 2 条实体提及
2026-05-13 17:00:20.799 | INFO     | services.l2_hotness:run_once:183 - hotness window_end=2026-05-13 09:00:00+00:00 top_k=15 elapsed=0.7s
2026-05-13 17:00:20.915 | INFO     | scheduler.jobs:_worker_loop:130 - 本轮三组均无数据可处理,sleep 30s 后重试
2026-05-13 17:00:51.214 | INFO     | scheduler.jobs:_worker_loop:130 - 本轮三组均无数据可处理,sleep 30s 后重试
2026-05-13 17:01:22.101 | INFO     | scheduler.jobs:_worker_loop:130 - 本轮三组均无数据可处理,sleep 30s 后重试
2026-05-13 17:01:52.358 | INFO     | scheduler.jobs:_worker_loop:130 - 本轮三组均无数据可处理,sleep 30s 后重试
2026-05-13 17:02:22.545 | INFO     | scheduler.jobs:_worker_loop:130 - 本轮三组均无数据可处理,sleep 30s 后重试
2026-05-13 17:02:53.039 | INFO     | scheduler.jobs:_worker_loop:130 - 本轮三组均无数据可处理,sleep 30s 后重试
2026-05-13 17:03:24.253 | INFO     | scheduler.jobs:_worker_loop:130 - 本轮三组均无数据可处理,sleep 30s 后重试
2026-05-13 17:03:54.453 | INFO     | scheduler.jobs:_worker_loop:130 - 本轮三组均无数据可处理,sleep 30s 后重试
2026-05-13 17:04:24.636 | INFO     | scheduler.jobs:_worker_loop:130 - 本轮三组均无数据可处理,sleep 30s 后重试
2026-05-13 17:04:54.887 | INFO     | scheduler.jobs:_worker_loop:130 - 本轮三组均无数据可处理,sleep 30s 后重试
2026-05-13 17:05:25.081 | INFO     | scheduler.jobs:_worker_loop:130 - 本轮三组均无数据可处理,sleep 30s 后重试
2026-05-13 17:05:55.292 | INFO     | scheduler.jobs:_worker_loop:130 - 本轮三组均无数据可处理,sleep 30s 后重试
2026-05-13 17:06:25.458 | INFO     | scheduler.jobs:_worker_loop:130 - 本轮三组均无数据可处理,sleep 30s 后重试
2026-05-13 17:06:55.784 | INFO     | scheduler.jobs:_worker_loop:130 - 本轮三组均无数据可处理,sleep 30s 后重试
2026-05-13 17:07:25.975 | INFO     | scheduler.jobs:_worker_loop:130 - 本轮三组均无数据可处理,sleep 30s 后重试
2026-05-13 17:07:56.285 | INFO     | scheduler.jobs:_worker_loop:130 - 本轮三组均无数据可处理,sleep 30s 后重试
2026-05-13 17:08:26.633 | INFO     | services.l0_normalizer:run_once:141 - normalizer 本轮：扫描 8 条（tw=0 bn=8 dc=0）→ 写入 8 条（重复 0 条，空内容跳过 0 条）
2026-05-13 17:08:26.730 | INFO     | services.l1_entity_extractor:run_once:134 - entity_extractor 本轮：处理 8 条消息 → 产出 5 条实体提及
2026-05-13 17:08:27.251 | INFO     | scheduler.jobs:_worker_loop:130 - 本轮三组均无数据可处理,sleep 30s 后重试
2026-05-13 17:08:57.598 | INFO     | scheduler.jobs:_worker_loop:130 - 本轮三组均无数据可处理,sleep 30s 后重试
2026-05-13 17:09:27.814 | INFO     | scheduler.jobs:_worker_loop:130 - 本轮三组均无数据可处理,sleep 30s 后重试
2026-05-13 17:09:58.334 | INFO     | scheduler.jobs:_worker_loop:130 - 本轮三组均无数据可处理,sleep 30s 后重试
2026-05-13 17:10:28.604 | INFO     | scheduler.jobs:_worker_loop:130 - 本轮三组均无数据可处理,sleep 30s 后重试
2026-05-13 17:10:58.757 | INFO     | scheduler.jobs:_worker_loop:130 - 本轮三组均无数据可处理,sleep 30s 后重试
2026-05-13 17:11:29.010 | INFO     | scheduler.jobs:_worker_loop:130 - 本轮三组均无数据可处理,sleep 30s 后重试
2026-05-13 17:11:59.839 | INFO     | scheduler.jobs:_worker_loop:130 - 本轮三组均无数据可处理,sleep 30s 后重试
2026-05-13 17:12:29.998 | INFO     | scheduler.jobs:_worker_loop:130 - 本轮三组均无数据可处理,sleep 30s 后重试
2026-05-13 17:13:00.240 | INFO     | scheduler.jobs:_worker_loop:130 - 本轮三组均无数据可处理,sleep 30s 后重试
2026-05-13 17:13:30.661 | INFO     | scheduler.jobs:_worker_loop:130 - 本轮三组均无数据可处理,sleep 30s 后重试
2026-05-13 17:14:00.824 | INFO     | scheduler.jobs:_worker_loop:130 - 本轮三组均无数据可处理,sleep 30s 后重试
2026-05-13 17:14:31.708 | INFO     | scheduler.jobs:_worker_loop:130 - 本轮三组均无数据可处理,sleep 30s 后重试
2026-05-13 17:15:03.057 | INFO     | services.l2_hotness:run_once:183 - hotness window_end=2026-05-13 09:15:00+00:00 top_k=12 elapsed=1.1s
2026-05-13 17:15:03.155 | INFO     | scheduler.jobs:_worker_loop:130 - 本轮三组均无数据可处理,sleep 30s 后重试
2026-05-13 17:15:33.735 | INFO     | scheduler.jobs:_worker_loop:130 - 本轮三组均无数据可处理,sleep 30s 后重试
2026-05-13 17:16:04.044 | INFO     | scheduler.jobs:_worker_loop:130 - 本轮三组均无数据可处理,sleep 30s 后重试
2026-05-13 17:16:34.316 | INFO     | scheduler.jobs:_worker_loop:130 - 本轮三组均无数据可处理,sleep 30s 后重试
2026-05-13 17:17:04.628 | INFO     | services.l0_normalizer:run_once:141 - normalizer 本轮：扫描 8 条（tw=0 bn=8 dc=0）→ 写入 8 条（重复 0 条，空内容跳过 0 条）
2026-05-13 17:17:04.707 | INFO     | services.l1_entity_extractor:run_once:134 - entity_extractor 本轮：处理 8 条消息 → 产出 5 条实体提及
2026-05-13 17:17:04.800 | INFO     | scheduler.jobs:_worker_loop:130 - 本轮三组均无数据可处理,sleep 30s 后重试
2026-05-13 17:17:34.951 | INFO     | scheduler.jobs:_worker_loop:130 - 本轮三组均无数据可处理,sleep 30s 后重试
2026-05-13 17:18:05.153 | INFO     | scheduler.jobs:_worker_loop:130 - 本轮三组均无数据可处理,sleep 30s 后重试
2026-05-13 17:18:35.414 | INFO     | scheduler.jobs:_worker_loop:130 - 本轮三组均无数据可处理,sleep 30s 后重试
2026-05-13 17:19:06.386 | INFO     | scheduler.jobs:_worker_loop:130 - 本轮三组均无数据可处理,sleep 30s 后重试
2026-05-13 17:19:36.850 | INFO     | scheduler.jobs:_worker_loop:130 - 本轮三组均无数据可处理,sleep 30s 后重试
2026-05-13 17:20:07.082 | INFO     | scheduler.jobs:_worker_loop:130 - 本轮三组均无数据可处理,sleep 30s 后重试
2026-05-13 17:20:37.224 | INFO     | scheduler.jobs:_worker_loop:130 - 本轮三组均无数据可处理,sleep 30s 后重试
2026-05-13 17:21:07.432 | INFO     | scheduler.jobs:_worker_loop:130 - 本轮三组均无数据可处理,sleep 30s 后重试
2026-05-13 17:21:37.641 | INFO     | scheduler.jobs:_worker_loop:130 - 本轮三组均无数据可处理,sleep 30s 后重试
2026-05-13 17:22:07.849 | INFO     | scheduler.jobs:_worker_loop:130 - 本轮三组均无数据可处理,sleep 30s 后重试
2026-05-13 17:22:38.019 | INFO     | scheduler.jobs:_worker_loop:130 - 本轮三组均无数据可处理,sleep 30s 后重试
2026-05-13 17:23:08.336 | INFO     | scheduler.jobs:_worker_loop:130 - 本轮三组均无数据可处理,sleep 30s 后重试
2026-05-13 17:23:38.530 | INFO     | scheduler.jobs:_worker_loop:130 - 本轮三组均无数据可处理,sleep 30s 后重试
2026-05-13 17:24:08.752 | INFO     | scheduler.jobs:_worker_loop:130 - 本轮三组均无数据可处理,sleep 30s 后重试
2026-05-13 17:24:38.998 | INFO     | scheduler.jobs:_worker_loop:130 - 本轮三组均无数据可处理,sleep 30s 后重试
2026-05-13 17:25:09.788 | INFO     | scheduler.jobs:_worker_loop:130 - 本轮三组均无数据可处理,sleep 30s 后重试
2026-05-13 17:25:40.164 | INFO     | scheduler.jobs:_worker_loop:130 - 本轮三组均无数据可处理,sleep 30s 后重试
2026-05-13 17:26:10.334 | INFO     | scheduler.jobs:_worker_loop:130 - 本轮三组均无数据可处理,sleep 30s 后重试
2026-05-13 17:26:41.214 | INFO     | scheduler.jobs:_worker_loop:130 - 本轮三组均无数据可处理,sleep 30s 后重试
2026-05-13 17:27:11.473 | INFO     | scheduler.jobs:_worker_loop:130 - 本轮三组均无数据可处理,sleep 30s 后重试
2026-05-13 17:27:41.675 | INFO     | scheduler.jobs:_worker_loop:130 - 本轮三组均无数据可处理,sleep 30s 后重试
2026-05-13 17:28:12.388 | INFO     | scheduler.jobs:_worker_loop:130 - 本轮三组均无数据可处理,sleep 30s 后重试
2026-05-13 17:28:42.755 | INFO     | services.l0_normalizer:run_once:141 - normalizer 本轮：扫描 12 条（tw=0 bn=0 dc=12）→ 写入 12 条（重复 3 条，空内容跳过 0 条）
2026-05-13 17:28:42.862 | INFO     | services.l1_entity_extractor:run_once:134 - entity_extractor 本轮：处理 9 条消息 → 产出 1 条实体提及
2026-05-13 17:28:42.974 | INFO     | scheduler.jobs:_worker_loop:130 - 本轮三组均无数据可处理,sleep 30s 后重试
2026-05-13 17:29:13.176 | INFO     | scheduler.jobs:_worker_loop:130 - 本轮三组均无数据可处理,sleep 30s 后重试
2026-05-13 17:29:43.488 | INFO     | scheduler.jobs:_worker_loop:130 - 本轮三组均无数据可处理,sleep 30s 后重试
2026-05-13 17:30:14.796 | INFO     | services.l2_hotness:run_once:183 - hotness window_end=2026-05-13 09:30:00+00:00 top_k=11 elapsed=0.9s
2026-05-13 17:30:14.898 | INFO     | scheduler.jobs:_worker_loop:130 - 本轮三组均无数据可处理,sleep 30s 后重试
2026-05-13 17:30:45.150 | INFO     | scheduler.jobs:_worker_loop:130 - 本轮三组均无数据可处理,sleep 30s 后重试
2026-05-13 17:31:15.449 | INFO     | scheduler.jobs:_worker_loop:130 - 本轮三组均无数据可处理,sleep 30s 后重试
2026-05-13 17:31:45.867 | INFO     | scheduler.jobs:_worker_loop:130 - 本轮三组均无数据可处理,sleep 30s 后重试
2026-05-13 17:32:16.228 | INFO     | scheduler.jobs:_worker_loop:130 - 本轮三组均无数据可处理,sleep 30s 后重试
2026-05-13 17:32:46.421 | INFO     | scheduler.jobs:_worker_loop:130 - 本轮三组均无数据可处理,sleep 30s 后重试
2026-05-13 17:33:17.008 | INFO     | scheduler.jobs:_worker_loop:130 - 本轮三组均无数据可处理,sleep 30s 后重试
2026-05-13 17:33:47.308 | INFO     | scheduler.jobs:_worker_loop:130 - 本轮三组均无数据可处理,sleep 30s 后重试
2026-05-13 17:34:18.469 | INFO     | scheduler.jobs:_worker_loop:130 - 本轮三组均无数据可处理,sleep 30s 后重试
2026-05-13 17:34:48.699 | INFO     | scheduler.jobs:_worker_loop:130 - 本轮三组均无数据可处理,sleep 30s 后重试
2026-05-13 17:35:18.905 | INFO     | scheduler.jobs:_worker_loop:130 - 本轮三组均无数据可处理,sleep 30s 后重试
2026-05-13 17:35:49.869 | INFO     | scheduler.jobs:_worker_loop:130 - 本轮三组均无数据可处理,sleep 30s 后重试
2026-05-13 17:36:20.095 | INFO     | services.l0_normalizer:run_once:141 - normalizer 本轮：扫描 1 条（tw=0 bn=1 dc=0）→ 写入 1 条（重复 0 条，空内容跳过 0 条）
2026-05-13 17:36:20.176 | INFO     | services.l1_entity_extractor:run_once:134 - entity_extractor 本轮：处理 1 条消息 → 产出 0 条实体提及
2026-05-13 17:36:20.380 | INFO     | scheduler.jobs:_worker_loop:130 - 本轮三组均无数据可处理,sleep 30s 后重试
2026-05-13 17:36:51.145 | INFO     | services.l0_normalizer:run_once:141 - normalizer 本轮：扫描 13 条（tw=0 bn=0 dc=13）→ 写入 13 条（重复 5 条，空内容跳过 0 条）
2026-05-13 17:36:51.224 | INFO     | services.l1_entity_extractor:run_once:134 - entity_extractor 本轮：处理 8 条消息 → 产出 0 条实体提及
2026-05-13 17:36:51.326 | INFO     | scheduler.jobs:_worker_loop:130 - 本轮三组均无数据可处理,sleep 30s 后重试
2026-05-13 17:37:21.762 | INFO     | scheduler.jobs:_worker_loop:130 - 本轮三组均无数据可处理,sleep 30s 后重试
2026-05-13 17:37:51.971 | INFO     | scheduler.jobs:_worker_loop:130 - 本轮三组均无数据可处理,sleep 30s 后重试
2026-05-13 17:38:22.449 | INFO     | scheduler.jobs:_worker_loop:130 - 本轮三组均无数据可处理,sleep 30s 后重试
2026-05-13 17:38:53.209 | INFO     | scheduler.jobs:_worker_loop:130 - 本轮三组均无数据可处理,sleep 30s 后重试
2026-05-13 17:39:24.129 | INFO     | scheduler.jobs:_worker_loop:130 - 本轮三组均无数据可处理,sleep 30s 后重试
2026-05-13 17:39:54.330 | INFO     | scheduler.jobs:_worker_loop:130 - 本轮三组均无数据可处理,sleep 30s 后重试
2026-05-13 17:40:25.148 | INFO     | scheduler.jobs:_worker_loop:130 - 本轮三组均无数据可处理,sleep 30s 后重试
2026-05-13 17:40:55.320 | INFO     | scheduler.jobs:_worker_loop:130 - 本轮三组均无数据可处理,sleep 30s 后重试
2026-05-13 17:41:25.537 | INFO     | scheduler.jobs:_worker_loop:130 - 本轮三组均无数据可处理,sleep 30s 后重试
2026-05-13 17:41:56.314 | INFO     | scheduler.jobs:_worker_loop:130 - 本轮三组均无数据可处理,sleep 30s 后重试
2026-05-13 17:42:26.831 | INFO     | scheduler.jobs:_worker_loop:130 - 本轮三组均无数据可处理,sleep 30s 后重试
2026-05-13 17:42:57.139 | INFO     | scheduler.jobs:_worker_loop:130 - 本轮三组均无数据可处理,sleep 30s 后重试
2026-05-13 17:43:27.327 | INFO     | scheduler.jobs:_worker_loop:130 - 本轮三组均无数据可处理,sleep 30s 后重试
2026-05-13 17:43:58.224 | INFO     | scheduler.jobs:_worker_loop:130 - 本轮三组均无数据可处理,sleep 30s 后重试
2026-05-13 17:44:28.358 | INFO     | scheduler.jobs:_worker_loop:130 - 本轮三组均无数据可处理,sleep 30s 后重试
2026-05-13 17:44:58.606 | INFO     | scheduler.jobs:_worker_loop:130 - 本轮三组均无数据可处理,sleep 30s 后重试
2026-05-13 17:45:29.233 | INFO     | services.l0_normalizer:run_once:141 - normalizer 本轮：扫描 3 条（tw=0 bn=3 dc=0）→ 写入 3 条（重复 0 条，空内容跳过 0 条）
2026-05-13 17:45:29.380 | INFO     | services.l1_entity_extractor:run_once:134 - entity_extractor 本轮：处理 3 条消息 → 产出 2 条实体提及
2026-05-13 17:45:29.720 | INFO     | services.l2_hotness:run_once:183 - hotness window_end=2026-05-13 09:45:00+00:00 top_k=4 elapsed=0.3s
2026-05-13 17:45:29.845 | INFO     | scheduler.jobs:_worker_loop:130 - 本轮三组均无数据可处理,sleep 30s 后重试
2026-05-13 17:46:00.246 | INFO     | scheduler.jobs:_worker_loop:130 - 本轮三组均无数据可处理,sleep 30s 后重试
2026-05-13 17:46:30.442 | INFO     | scheduler.jobs:_worker_loop:130 - 本轮三组均无数据可处理,sleep 30s 后重试
2026-05-13 17:47:00.676 | INFO     | scheduler.jobs:_worker_loop:130 - 本轮三组均无数据可处理,sleep 30s 后重试
2026-05-13 17:47:30.988 | INFO     | scheduler.jobs:_worker_loop:130 - 本轮三组均无数据可处理,sleep 30s 后重试
2026-05-13 17:48:01.109 | INFO     | scheduler.jobs:_worker_loop:130 - 本轮三组均无数据可处理,sleep 30s 后重试
2026-05-13 17:48:31.850 | INFO     | scheduler.jobs:_worker_loop:130 - 本轮三组均无数据可处理,sleep 30s 后重试
2026-05-13 17:49:02.553 | INFO     | scheduler.jobs:_worker_loop:130 - 本轮三组均无数据可处理,sleep 30s 后重试
2026-05-13 17:49:33.177 | INFO     | scheduler.jobs:_worker_loop:130 - 本轮三组均无数据可处理,sleep 30s 后重试
2026-05-13 17:50:03.460 | INFO     | scheduler.jobs:_worker_loop:130 - 本轮三组均无数据可处理,sleep 30s 后重试
2026-05-13 17:50:33.651 | INFO     | scheduler.jobs:_worker_loop:130 - 本轮三组均无数据可处理,sleep 30s 后重试
2026-05-13 17:51:03.861 | INFO     | scheduler.jobs:_worker_loop:130 - 本轮三组均无数据可处理,sleep 30s 后重试
2026-05-13 17:51:34.034 | INFO     | scheduler.jobs:_worker_loop:130 - 本轮三组均无数据可处理,sleep 30s 后重试
2026-05-13 17:52:04.301 | INFO     | scheduler.jobs:_worker_loop:130 - 本轮三组均无数据可处理,sleep 30s 后重试
2026-05-13 17:52:35.062 | INFO     | scheduler.jobs:_worker_loop:130 - 本轮三组均无数据可处理,sleep 30s 后重试
2026-05-13 17:53:05.479 | INFO     | scheduler.jobs:_worker_loop:130 - 本轮三组均无数据可处理,sleep 30s 后重试
2026-05-13 17:53:36.180 | INFO     | scheduler.jobs:_worker_loop:130 - 本轮三组均无数据可处理,sleep 30s 后重试
2026-05-13 17:54:06.400 | INFO     | scheduler.jobs:_worker_loop:130 - 本轮三组均无数据可处理,sleep 30s 后重试
2026-05-13 17:54:36.849 | INFO     | services.l0_normalizer:run_once:141 - normalizer 本轮：扫描 22 条（tw=22 bn=0 dc=0）→ 写入 22 条（重复 2 条，空内容跳过 0 条）
2026-05-13 17:54:36.955 | INFO     | services.l1_entity_extractor:run_once:134 - entity_extractor 本轮：处理 20 条消息 → 产出 20 条实体提及
2026-05-13 17:54:37.049 | INFO     | scheduler.jobs:_worker_loop:130 - 本轮三组均无数据可处理,sleep 30s 后重试
2026-05-13 17:55:07.356 | INFO     | scheduler.jobs:_worker_loop:130 - 本轮三组均无数据可处理,sleep 30s 后重试
2026-05-13 17:55:37.729 | INFO     | services.l0_normalizer:run_once:141 - normalizer 本轮：扫描 10 条（tw=0 bn=1 dc=9）→ 写入 10 条（重复 1 条，空内容跳过 0 条）
2026-05-13 17:55:37.808 | INFO     | services.l1_entity_extractor:run_once:134 - entity_extractor 本轮：处理 9 条消息 → 产出 2 条实体提及
2026-05-13 17:55:37.938 | INFO     | scheduler.jobs:_worker_loop:130 - 本轮三组均无数据可处理,sleep 30s 后重试
2026-05-13 17:56:08.160 | INFO     | scheduler.jobs:_worker_loop:130 - 本轮三组均无数据可处理,sleep 30s 后重试
2026-05-13 17:56:38.406 | INFO     | scheduler.jobs:_worker_loop:130 - 本轮三组均无数据可处理,sleep 30s 后重试
2026-05-13 17:57:08.637 | INFO     | scheduler.jobs:_worker_loop:130 - 本轮三组均无数据可处理,sleep 30s 后重试
2026-05-13 17:57:38.791 | INFO     | scheduler.jobs:_worker_loop:130 - 本轮三组均无数据可处理,sleep 30s 后重试
2026-05-13 17:58:09.006 | INFO     | scheduler.jobs:_worker_loop:130 - 本轮三组均无数据可处理,sleep 30s 后重试
2026-05-13 17:58:39.260 | INFO     | scheduler.jobs:_worker_loop:130 - 本轮三组均无数据可处理,sleep 30s 后重试
2026-05-13 17:59:09.524 | INFO     | scheduler.jobs:_worker_loop:130 - 本轮三组均无数据可处理,sleep 30s 后重试
2026-05-13 17:59:39.776 | INFO     | scheduler.jobs:_worker_loop:130 - 本轮三组均无数据可处理,sleep 30s 后重试
2026-05-13 18:00:11.680 | INFO     | services.l2_hotness:run_once:183 - hotness window_end=2026-05-13 10:00:00+00:00 top_k=20 elapsed=1.3s
2026-05-13 18:00:11.778 | INFO     | scheduler.jobs:_worker_loop:130 - 本轮三组均无数据可处理,sleep 30s 后重试
2026-05-13 18:00:42.016 | INFO     | scheduler.jobs:_worker_loop:130 - 本轮三组均无数据可处理,sleep 30s 后重试
2026-05-13 18:01:12.218 | INFO     | scheduler.jobs:_worker_loop:130 - 本轮三组均无数据可处理,sleep 30s 后重试
2026-05-13 18:01:42.669 | INFO     | scheduler.jobs:_worker_loop:130 - 本轮三组均无数据可处理,sleep 30s 后重试
2026-05-13 18:02:13.498 | INFO     | scheduler.jobs:_worker_loop:130 - 本轮三组均无数据可处理,sleep 30s 后重试
2026-05-13 18:02:43.885 | INFO     | scheduler.jobs:_worker_loop:130 - 本轮三组均无数据可处理,sleep 30s 后重试
2026-05-13 18:03:14.232 | INFO     | scheduler.jobs:_worker_loop:130 - 本轮三组均无数据可处理,sleep 30s 后重试
2026-05-13 18:03:44.366 | INFO     | scheduler.jobs:_worker_loop:130 - 本轮三组均无数据可处理,sleep 30s 后重试
2026-05-13 18:04:15.420 | INFO     | scheduler.jobs:_worker_loop:130 - 本轮三组均无数据可处理,sleep 30s 后重试
2026-05-13 18:04:45.592 | INFO     | scheduler.jobs:_worker_loop:130 - 本轮三组均无数据可处理,sleep 30s 后重试
2026-05-13 18:05:15.929 | INFO     | services.l0_normalizer:run_once:141 - normalizer 本轮：扫描 9 条（tw=0 bn=9 dc=0）→ 写入 9 条（重复 0 条，空内容跳过 0 条）
2026-05-13 18:05:16.014 | INFO     | services.l1_entity_extractor:run_once:134 - entity_extractor 本轮：处理 9 条消息 → 产出 6 条实体提及
2026-05-13 18:05:16.133 | INFO     | scheduler.jobs:_worker_loop:130 - 本轮三组均无数据可处理,sleep 30s 后重试
2026-05-13 18:05:48.074 | INFO     | scheduler.jobs:_worker_loop:130 - 本轮三组均无数据可处理,sleep 30s 后重试
2026-05-13 18:06:18.311 | INFO     | scheduler.jobs:_worker_loop:130 - 本轮三组均无数据可处理,sleep 30s 后重试
2026-05-13 18:06:49.150 | INFO     | scheduler.jobs:_worker_loop:130 - 本轮三组均无数据可处理,sleep 30s 后重试
2026-05-13 18:07:19.328 | INFO     | scheduler.jobs:_worker_loop:130 - 本轮三组均无数据可处理,sleep 30s 后重试
2026-05-13 18:07:50.004 | INFO     | scheduler.jobs:_worker_loop:130 - 本轮三组均无数据可处理,sleep 30s 后重试
2026-05-13 18:08:20.162 | INFO     | scheduler.jobs:_worker_loop:130 - 本轮三组均无数据可处理,sleep 30s 后重试
2026-05-13 18:08:50.911 | INFO     | scheduler.jobs:_worker_loop:130 - 本轮三组均无数据可处理,sleep 30s 后重试
2026-05-13 18:09:21.093 | INFO     | scheduler.jobs:_worker_loop:130 - 本轮三组均无数据可处理,sleep 30s 后重试
2026-05-13 18:09:51.409 | INFO     | scheduler.jobs:_worker_loop:130 - 本轮三组均无数据可处理,sleep 30s 后重试
2026-05-13 18:10:21.796 | INFO     | scheduler.jobs:_worker_loop:130 - 本轮三组均无数据可处理,sleep 30s 后重试
2026-05-13 18:10:51.993 | INFO     | scheduler.jobs:_worker_loop:130 - 本轮三组均无数据可处理,sleep 30s 后重试
2026-05-13 18:11:22.919 | INFO     | scheduler.jobs:_worker_loop:130 - 本轮三组均无数据可处理,sleep 30s 后重试
2026-05-13 18:11:54.068 | INFO     | services.l0_normalizer:run_once:141 - normalizer 本轮：扫描 6 条（tw=0 bn=6 dc=0）→ 写入 6 条（重复 0 条，空内容跳过 0 条）
2026-05-13 18:11:54.164 | INFO     | services.l1_entity_extractor:run_once:134 - entity_extractor 本轮：处理 6 条消息 → 产出 4 条实体提及
2026-05-13 18:11:54.266 | INFO     | scheduler.jobs:_worker_loop:130 - 本轮三组均无数据可处理,sleep 30s 后重试
2026-05-13 18:12:24.895 | INFO     | scheduler.jobs:_worker_loop:130 - 本轮三组均无数据可处理,sleep 30s 后重试
2026-05-13 18:12:55.065 | INFO     | scheduler.jobs:_worker_loop:130 - 本轮三组均无数据可处理,sleep 30s 后重试
2026-05-13 18:13:25.526 | INFO     | scheduler.jobs:_worker_loop:130 - 本轮三组均无数据可处理,sleep 30s 后重试
2026-05-13 18:13:56.128 | INFO     | scheduler.jobs:_worker_loop:130 - 本轮三组均无数据可处理,sleep 30s 后重试
2026-05-13 18:14:26.331 | INFO     | scheduler.jobs:_worker_loop:130 - 本轮三组均无数据可处理,sleep 30s 后重试
2026-05-13 18:14:56.504 | INFO     | scheduler.jobs:_worker_loop:130 - 本轮三组均无数据可处理,sleep 30s 后重试
2026-05-13 18:15:29.413 | INFO     | services.l2_hotness:run_once:183 - hotness window_end=2026-05-13 10:15:00+00:00 top_k=20 elapsed=2.8s
2026-05-13 18:15:29.498 | INFO     | scheduler.jobs:_worker_loop:130 - 本轮三组均无数据可处理,sleep 30s 后重试
2026-05-13 18:15:59.699 | INFO     | scheduler.jobs:_worker_loop:130 - 本轮三组均无数据可处理,sleep 30s 后重试
2026-05-13 18:16:29.900 | INFO     | scheduler.jobs:_worker_loop:130 - 本轮三组均无数据可处理,sleep 30s 后重试
2026-05-13 18:17:00.162 | INFO     | scheduler.jobs:_worker_loop:130 - 本轮三组均无数据可处理,sleep 30s 后重试
2026-05-13 18:17:30.359 | INFO     | scheduler.jobs:_worker_loop:130 - 本轮三组均无数据可处理,sleep 30s 后重试
2026-05-13 18:18:00.573 | INFO     | scheduler.jobs:_worker_loop:130 - 本轮三组均无数据可处理,sleep 30s 后重试
2026-05-13 18:18:30.730 | INFO     | scheduler.jobs:_worker_loop:130 - 本轮三组均无数据可处理,sleep 30s 后重试
2026-05-13 18:19:00.844 | INFO     | scheduler.jobs:_worker_loop:130 - 本轮三组均无数据可处理,sleep 30s 后重试
2026-05-13 18:19:31.013 | INFO     | scheduler.jobs:_worker_loop:130 - 本轮三组均无数据可处理,sleep 30s 后重试
2026-05-13 18:20:01.155 | INFO     | scheduler.jobs:_worker_loop:130 - 本轮三组均无数据可处理,sleep 30s 后重试
2026-05-13 18:20:31.427 | INFO     | scheduler.jobs:_worker_loop:130 - 本轮三组均无数据可处理,sleep 30s 后重试
2026-05-13 18:21:01.801 | INFO     | services.l0_normalizer:run_once:141 - normalizer 本轮：扫描 12 条（tw=0 bn=0 dc=12）→ 写入 12 条（重复 2 条，空内容跳过 0 条）
2026-05-13 18:21:01.914 | INFO     | services.l1_entity_extractor:run_once:134 - entity_extractor 本轮：处理 10 条消息 → 产出 3 条实体提及
2026-05-13 18:21:02.003 | INFO     | scheduler.jobs:_worker_loop:130 - 本轮三组均无数据可处理,sleep 30s 后重试
2026-05-13 18:21:32.281 | INFO     | scheduler.jobs:_worker_loop:130 - 本轮三组均无数据可处理,sleep 30s 后重试
2026-05-13 18:22:02.539 | INFO     | scheduler.jobs:_worker_loop:130 - 本轮三组均无数据可处理,sleep 30s 后重试
2026-05-13 18:22:32.988 | INFO     | scheduler.jobs:_worker_loop:130 - 本轮三组均无数据可处理,sleep 30s 后重试
2026-05-13 18:23:03.420 | INFO     | scheduler.jobs:_worker_loop:130 - 本轮三组均无数据可处理,sleep 30s 后重试
2026-05-13 18:23:34.010 | INFO     | scheduler.jobs:_worker_loop:130 - 本轮三组均无数据可处理,sleep 30s 后重试
2026-05-13 18:24:04.569 | INFO     | scheduler.jobs:_worker_loop:130 - 本轮三组均无数据可处理,sleep 30s 后重试
2026-05-13 18:24:34.815 | INFO     | scheduler.jobs:_worker_loop:130 - 本轮三组均无数据可处理,sleep 30s 后重试
2026-05-13 18:25:05.410 | INFO     | scheduler.jobs:_worker_loop:130 - 本轮三组均无数据可处理,sleep 30s 后重试
2026-05-13 18:25:35.603 | INFO     | scheduler.jobs:_worker_loop:130 - 本轮三组均无数据可处理,sleep 30s 后重试
2026-05-13 18:26:05.941 | INFO     | scheduler.jobs:_worker_loop:130 - 本轮三组均无数据可处理,sleep 30s 后重试
2026-05-13 18:26:36.177 | INFO     | scheduler.jobs:_worker_loop:130 - 本轮三组均无数据可处理,sleep 30s 后重试
2026-05-13 18:27:06.529 | INFO     | scheduler.jobs:_worker_loop:130 - 本轮三组均无数据可处理,sleep 30s 后重试
2026-05-13 18:27:36.727 | INFO     | scheduler.jobs:_worker_loop:130 - 本轮三组均无数据可处理,sleep 30s 后重试
2026-05-13 18:28:06.964 | INFO     | scheduler.jobs:_worker_loop:130 - 本轮三组均无数据可处理,sleep 30s 后重试
2026-05-13 18:28:37.158 | INFO     | scheduler.jobs:_worker_loop:130 - 本轮三组均无数据可处理,sleep 30s 后重试
2026-05-13 18:29:07.356 | INFO     | scheduler.jobs:_worker_loop:130 - 本轮三组均无数据可处理,sleep 30s 后重试
2026-05-13 18:29:37.580 | INFO     | scheduler.jobs:_worker_loop:130 - 本轮三组均无数据可处理,sleep 30s 后重试
2026-05-13 18:30:07.840 | INFO     | services.l0_normalizer:run_once:141 - normalizer 本轮：扫描 2 条（tw=0 bn=2 dc=0）→ 写入 2 条（重复 0 条，空内容跳过 0 条）
2026-05-13 18:30:07.955 | INFO     | services.l1_entity_extractor:run_once:134 - entity_extractor 本轮：处理 2 条消息 → 产出 1 条实体提及
2026-05-13 18:30:08.628 | INFO     | services.l2_hotness:run_once:183 - hotness window_end=2026-05-13 10:30:00+00:00 top_k=15 elapsed=0.6s
2026-05-13 18:30:08.731 | INFO     | scheduler.jobs:_worker_loop:130 - 本轮三组均无数据可处理,sleep 30s 后重试
2026-05-13 18:30:38.979 | INFO     | scheduler.jobs:_worker_loop:130 - 本轮三组均无数据可处理,sleep 30s 后重试
2026-05-13 18:31:09.111 | INFO     | scheduler.jobs:_worker_loop:130 - 本轮三组均无数据可处理,sleep 30s 后重试
2026-05-13 18:31:39.324 | INFO     | scheduler.jobs:_worker_loop:130 - 本轮三组均无数据可处理,sleep 30s 后重试
2026-05-13 18:32:10.131 | INFO     | scheduler.jobs:_worker_loop:130 - 本轮三组均无数据可处理,sleep 30s 后重试
2026-05-13 18:32:40.301 | INFO     | scheduler.jobs:_worker_loop:130 - 本轮三组均无数据可处理,sleep 30s 后重试
2026-05-13 18:33:10.575 | INFO     | scheduler.jobs:_worker_loop:130 - 本轮三组均无数据可处理,sleep 30s 后重试
2026-05-13 18:33:40.744 | INFO     | scheduler.jobs:_worker_loop:130 - 本轮三组均无数据可处理,sleep 30s 后重试
2026-05-13 18:34:11.010 | INFO     | scheduler.jobs:_worker_loop:130 - 本轮三组均无数据可处理,sleep 30s 后重试
2026-05-13 18:34:41.178 | INFO     | scheduler.jobs:_worker_loop:130 - 本轮三组均无数据可处理,sleep 30s 后重试
2026-05-13 18:35:11.395 | INFO     | scheduler.jobs:_worker_loop:130 - 本轮三组均无数据可处理,sleep 30s 后重试
2026-05-13 18:35:41.594 | INFO     | scheduler.jobs:_worker_loop:130 - 本轮三组均无数据可处理,sleep 30s 后重试
2026-05-13 18:36:11.728 | INFO     | scheduler.jobs:_worker_loop:130 - 本轮三组均无数据可处理,sleep 30s 后重试
2026-05-13 18:36:41.956 | INFO     | scheduler.jobs:_worker_loop:130 - 本轮三组均无数据可处理,sleep 30s 后重试
2026-05-13 18:37:13.115 | INFO     | services.l0_normalizer:run_once:141 - normalizer 本轮：扫描 3 条（tw=0 bn=3 dc=0）→ 写入 3 条（重复 0 条，空内容跳过 0 条）
2026-05-13 18:37:13.511 | INFO     | services.l1_entity_extractor:run_once:134 - entity_extractor 本轮：处理 3 条消息 → 产出 0 条实体提及
2026-05-13 18:37:13.591 | INFO     | scheduler.jobs:_worker_loop:130 - 本轮三组均无数据可处理,sleep 30s 后重试
2026-05-13 18:37:43.780 | INFO     | scheduler.jobs:_worker_loop:130 - 本轮三组均无数据可处理,sleep 30s 后重试
2026-05-13 18:38:14.141 | INFO     | services.l0_normalizer:run_once:141 - normalizer 本轮：扫描 11 条（tw=0 bn=0 dc=11）→ 写入 11 条（重复 1 条，空内容跳过 0 条）
2026-05-13 18:38:14.233 | INFO     | services.l1_entity_extractor:run_once:134 - entity_extractor 本轮：处理 10 条消息 → 产出 0 条实体提及
2026-05-13 18:38:14.356 | INFO     | scheduler.jobs:_worker_loop:130 - 本轮三组均无数据可处理,sleep 30s 后重试
2026-05-13 18:38:44.487 | INFO     | scheduler.jobs:_worker_loop:130 - 本轮三组均无数据可处理,sleep 30s 后重试
2026-05-13 18:39:14.686 | INFO     | scheduler.jobs:_worker_loop:130 - 本轮三组均无数据可处理,sleep 30s 后重试
2026-05-13 18:39:44.818 | INFO     | scheduler.jobs:_worker_loop:130 - 本轮三组均无数据可处理,sleep 30s 后重试
2026-05-13 18:40:15.009 | INFO     | scheduler.jobs:_worker_loop:130 - 本轮三组均无数据可处理,sleep 30s 后重试
2026-05-13 18:40:45.218 | INFO     | scheduler.jobs:_worker_loop:130 - 本轮三组均无数据可处理,sleep 30s 后重试
2026-05-13 18:41:15.412 | INFO     | scheduler.jobs:_worker_loop:130 - 本轮三组均无数据可处理,sleep 30s 后重试
2026-05-13 18:41:45.751 | INFO     | scheduler.jobs:_worker_loop:130 - 本轮三组均无数据可处理,sleep 30s 后重试
2026-05-13 18:42:15.908 | INFO     | scheduler.jobs:_worker_loop:130 - 本轮三组均无数据可处理,sleep 30s 后重试
2026-05-13 18:42:46.024 | INFO     | scheduler.jobs:_worker_loop:130 - 本轮三组均无数据可处理,sleep 30s 后重试
2026-05-13 18:43:16.160 | INFO     | scheduler.jobs:_worker_loop:130 - 本轮三组均无数据可处理,sleep 30s 后重试
2026-05-13 18:43:46.434 | INFO     | services.l0_normalizer:run_once:141 - normalizer 本轮：扫描 4 条（tw=0 bn=4 dc=0）→ 写入 4 条（重复 1 条，空内容跳过 0 条）
2026-05-13 18:43:46.510 | INFO     | services.l1_entity_extractor:run_once:134 - entity_extractor 本轮：处理 3 条消息 → 产出 4 条实体提及
2026-05-13 18:43:46.676 | INFO     | scheduler.jobs:_worker_loop:130 - 本轮三组均无数据可处理,sleep 30s 后重试
2026-05-13 18:44:16.803 | INFO     | scheduler.jobs:_worker_loop:130 - 本轮三组均无数据可处理,sleep 30s 后重试
2026-05-13 18:44:46.983 | INFO     | scheduler.jobs:_worker_loop:130 - 本轮三组均无数据可处理,sleep 30s 后重试
2026-05-13 18:45:18.072 | INFO     | services.l2_hotness:run_once:183 - hotness window_end=2026-05-13 10:45:00+00:00 top_k=15 elapsed=0.9s
2026-05-13 18:45:19.097 | INFO     | scheduler.jobs:_worker_loop:130 - 本轮三组均无数据可处理,sleep 30s 后重试
2026-05-13 18:45:49.368 | INFO     | scheduler.jobs:_worker_loop:130 - 本轮三组均无数据可处理,sleep 30s 后重试
2026-05-13 18:46:19.515 | INFO     | scheduler.jobs:_worker_loop:130 - 本轮三组均无数据可处理,sleep 30s 后重试
2026-05-13 18:46:49.733 | INFO     | scheduler.jobs:_worker_loop:130 - 本轮三组均无数据可处理,sleep 30s 后重试
2026-05-13 18:47:20.648 | INFO     | scheduler.jobs:_worker_loop:130 - 本轮三组均无数据可处理,sleep 30s 后重试
2026-05-13 18:47:51.501 | INFO     | scheduler.jobs:_worker_loop:130 - 本轮三组均无数据可处理,sleep 30s 后重试
2026-05-13 18:48:22.021 | INFO     | scheduler.jobs:_worker_loop:130 - 本轮三组均无数据可处理,sleep 30s 后重试
2026-05-13 18:48:52.995 | INFO     | scheduler.jobs:_worker_loop:130 - 本轮三组均无数据可处理,sleep 30s 后重试
2026-05-13 18:49:23.178 | INFO     | scheduler.jobs:_worker_loop:130 - 本轮三组均无数据可处理,sleep 30s 后重试
2026-05-13 18:49:53.549 | INFO     | scheduler.jobs:_worker_loop:130 - 本轮三组均无数据可处理,sleep 30s 后重试
2026-05-13 18:50:23.899 | INFO     | scheduler.jobs:_worker_loop:130 - 本轮三组均无数据可处理,sleep 30s 后重试
2026-05-13 18:50:54.167 | INFO     | scheduler.jobs:_worker_loop:130 - 本轮三组均无数据可处理,sleep 30s 后重试
2026-05-13 18:51:24.424 | INFO     | services.l0_normalizer:run_once:141 - normalizer 本轮：扫描 9 条（tw=0 bn=9 dc=0）→ 写入 9 条（重复 0 条，空内容跳过 0 条）
2026-05-13 18:51:24.513 | INFO     | services.l1_entity_extractor:run_once:134 - entity_extractor 本轮：处理 9 条消息 → 产出 13 条实体提及
2026-05-13 18:51:24.611 | INFO     | scheduler.jobs:_worker_loop:130 - 本轮三组均无数据可处理,sleep 30s 后重试
2026-05-13 18:51:55.507 | INFO     | scheduler.jobs:_worker_loop:130 - 本轮三组均无数据可处理,sleep 30s 后重试
2026-05-13 18:52:25.752 | INFO     | scheduler.jobs:_worker_loop:130 - 本轮三组均无数据可处理,sleep 30s 后重试
2026-05-13 18:52:56.018 | INFO     | scheduler.jobs:_worker_loop:130 - 本轮三组均无数据可处理,sleep 30s 后重试
2026-05-13 18:53:26.175 | INFO     | scheduler.jobs:_worker_loop:130 - 本轮三组均无数据可处理,sleep 30s 后重试
2026-05-13 18:53:56.448 | INFO     | scheduler.jobs:_worker_loop:130 - 本轮三组均无数据可处理,sleep 30s 后重试
2026-05-13 18:54:26.664 | INFO     | services.l0_normalizer:run_once:141 - normalizer 本轮：扫描 6 条（tw=6 bn=0 dc=0）→ 写入 6 条（重复 0 条，空内容跳过 0 条）
2026-05-13 18:54:26.755 | INFO     | services.l1_entity_extractor:run_once:134 - entity_extractor 本轮：处理 6 条消息 → 产出 4 条实体提及
2026-05-13 18:54:26.888 | INFO     | scheduler.jobs:_worker_loop:130 - 本轮三组均无数据可处理,sleep 30s 后重试
2026-05-13 18:54:57.209 | INFO     | scheduler.jobs:_worker_loop:130 - 本轮三组均无数据可处理,sleep 30s 后重试
2026-05-13 18:55:27.446 | INFO     | scheduler.jobs:_worker_loop:130 - 本轮三组均无数据可处理,sleep 30s 后重试
2026-05-13 18:55:57.764 | INFO     | scheduler.jobs:_worker_loop:130 - 本轮三组均无数据可处理,sleep 30s 后重试
2026-05-13 18:56:28.016 | INFO     | scheduler.jobs:_worker_loop:130 - 本轮三组均无数据可处理,sleep 30s 后重试
2026-05-13 18:56:58.288 | INFO     | scheduler.jobs:_worker_loop:130 - 本轮三组均无数据可处理,sleep 30s 后重试
2026-05-13 18:57:28.558 | INFO     | scheduler.jobs:_worker_loop:130 - 本轮三组均无数据可处理,sleep 30s 后重试
2026-05-13 18:57:58.870 | INFO     | scheduler.jobs:_worker_loop:130 - 本轮三组均无数据可处理,sleep 30s 后重试
2026-05-13 18:58:29.241 | INFO     | scheduler.jobs:_worker_loop:130 - 本轮三组均无数据可处理,sleep 30s 后重试
2026-05-13 18:58:59.523 | INFO     | scheduler.jobs:_worker_loop:130 - 本轮三组均无数据可处理,sleep 30s 后重试
2026-05-13 18:59:29.694 | INFO     | scheduler.jobs:_worker_loop:130 - 本轮三组均无数据可处理,sleep 30s 后重试
2026-05-13 18:59:59.895 | INFO     | scheduler.jobs:_worker_loop:130 - 本轮三组均无数据可处理,sleep 30s 后重试
2026-05-13 19:00:30.242 | INFO     | services.l0_normalizer:run_once:141 - normalizer 本轮：扫描 8 条（tw=0 bn=8 dc=0）→ 写入 8 条（重复 1 条，空内容跳过 0 条）
2026-05-13 19:00:30.354 | INFO     | services.l1_entity_extractor:run_once:134 - entity_extractor 本轮：处理 7 条消息 → 产出 6 条实体提及
2026-05-13 19:00:30.861 | INFO     | services.l2_hotness:run_once:183 - hotness window_end=2026-05-13 11:00:00+00:00 top_k=8 elapsed=0.5s
2026-05-13 19:00:30.999 | INFO     | scheduler.jobs:_worker_loop:130 - 本轮三组均无数据可处理,sleep 30s 后重试
2026-05-13 19:01:01.232 | INFO     | scheduler.jobs:_worker_loop:130 - 本轮三组均无数据可处理,sleep 30s 后重试
2026-05-13 19:01:31.478 | INFO     | scheduler.jobs:_worker_loop:130 - 本轮三组均无数据可处理,sleep 30s 后重试
2026-05-13 19:02:01.695 | INFO     | scheduler.jobs:_worker_loop:130 - 本轮三组均无数据可处理,sleep 30s 后重试
2026-05-13 19:02:31.952 | INFO     | scheduler.jobs:_worker_loop:130 - 本轮三组均无数据可处理,sleep 30s 后重试
2026-05-13 19:03:02.166 | INFO     | scheduler.jobs:_worker_loop:130 - 本轮三组均无数据可处理,sleep 30s 后重试
2026-05-13 19:03:32.417 | INFO     | scheduler.jobs:_worker_loop:130 - 本轮三组均无数据可处理,sleep 30s 后重试
2026-05-13 19:04:02.594 | INFO     | scheduler.jobs:_worker_loop:130 - 本轮三组均无数据可处理,sleep 30s 后重试
2026-05-13 19:04:32.856 | INFO     | scheduler.jobs:_worker_loop:130 - 本轮三组均无数据可处理,sleep 30s 后重试
2026-05-13 19:05:03.023 | INFO     | scheduler.jobs:_worker_loop:130 - 本轮三组均无数据可处理,sleep 30s 后重试
2026-05-13 19:05:33.288 | INFO     | scheduler.jobs:_worker_loop:130 - 本轮三组均无数据可处理,sleep 30s 后重试
2026-05-13 19:06:03.579 | INFO     | scheduler.jobs:_worker_loop:130 - 本轮三组均无数据可处理,sleep 30s 后重试
2026-05-13 19:06:33.814 | INFO     | scheduler.jobs:_worker_loop:130 - 本轮三组均无数据可处理,sleep 30s 后重试
2026-05-13 19:07:04.037 | INFO     | scheduler.jobs:_worker_loop:130 - 本轮三组均无数据可处理,sleep 30s 后重试
2026-05-13 19:07:34.233 | INFO     | scheduler.jobs:_worker_loop:130 - 本轮三组均无数据可处理,sleep 30s 后重试
2026-05-13 19:08:04.528 | INFO     | scheduler.jobs:_worker_loop:130 - 本轮三组均无数据可处理,sleep 30s 后重试
2026-05-13 19:08:34.814 | INFO     | services.l0_normalizer:run_once:141 - normalizer 本轮：扫描 9 条（tw=0 bn=9 dc=0）→ 写入 9 条（重复 1 条，空内容跳过 0 条）
2026-05-13 19:08:34.919 | INFO     | services.l1_entity_extractor:run_once:134 - entity_extractor 本轮：处理 8 条消息 → 产出 10 条实体提及
2026-05-13 19:08:35.028 | INFO     | scheduler.jobs:_worker_loop:130 - 本轮三组均无数据可处理,sleep 30s 后重试
2026-05-13 19:09:05.228 | INFO     | scheduler.jobs:_worker_loop:130 - 本轮三组均无数据可处理,sleep 30s 后重试
2026-05-13 19:09:35.391 | INFO     | scheduler.jobs:_worker_loop:130 - 本轮三组均无数据可处理,sleep 30s 后重试
2026-05-13 19:10:05.673 | INFO     | scheduler.jobs:_worker_loop:130 - 本轮三组均无数据可处理,sleep 30s 后重试
2026-05-13 19:10:36.078 | INFO     | scheduler.jobs:_worker_loop:130 - 本轮三组均无数据可处理,sleep 30s 后重试
2026-05-13 19:11:06.265 | INFO     | scheduler.jobs:_worker_loop:130 - 本轮三组均无数据可处理,sleep 30s 后重试
2026-05-13 19:11:36.487 | INFO     | scheduler.jobs:_worker_loop:130 - 本轮三组均无数据可处理,sleep 30s 后重试
2026-05-13 19:12:06.708 | INFO     | scheduler.jobs:_worker_loop:130 - 本轮三组均无数据可处理,sleep 30s 后重试
2026-05-13 19:12:36.860 | INFO     | scheduler.jobs:_worker_loop:130 - 本轮三组均无数据可处理,sleep 30s 后重试
2026-05-13 19:13:07.509 | INFO     | services.l0_normalizer:run_once:141 - normalizer 本轮：扫描 18 条（tw=0 bn=0 dc=18）→ 写入 18 条（重复 1 条，空内容跳过 0 条）
2026-05-13 19:13:07.641 | INFO     | services.l1_entity_extractor:run_once:134 - entity_extractor 本轮：处理 17 条消息 → 产出 3 条实体提及
2026-05-13 19:13:07.744 | INFO     | scheduler.jobs:_worker_loop:130 - 本轮三组均无数据可处理,sleep 30s 后重试
2026-05-13 19:13:38.104 | INFO     | scheduler.jobs:_worker_loop:130 - 本轮三组均无数据可处理,sleep 30s 后重试
2026-05-13 19:14:08.802 | INFO     | services.l0_normalizer:run_once:141 - normalizer 本轮：扫描 12 条（tw=0 bn=12 dc=0）→ 写入 12 条（重复 0 条，空内容跳过 0 条）
2026-05-13 19:14:09.000 | INFO     | services.l1_entity_extractor:run_once:134 - entity_extractor 本轮：处理 12 条消息 → 产出 9 条实体提及
2026-05-13 19:14:09.113 | INFO     | scheduler.jobs:_worker_loop:130 - 本轮三组均无数据可处理,sleep 30s 后重试
2026-05-13 19:14:39.522 | INFO     | scheduler.jobs:_worker_loop:130 - 本轮三组均无数据可处理,sleep 30s 后重试
2026-05-13 19:15:10.566 | INFO     | services.l2_hotness:run_once:183 - hotness window_end=2026-05-13 11:15:00+00:00 top_k=10 elapsed=0.5s
2026-05-13 19:15:10.689 | INFO     | scheduler.jobs:_worker_loop:130 - 本轮三组均无数据可处理,sleep 30s 后重试
2026-05-13 19:15:40.891 | INFO     | scheduler.jobs:_worker_loop:130 - 本轮三组均无数据可处理,sleep 30s 后重试
2026-05-13 19:16:11.739 | INFO     | scheduler.jobs:_worker_loop:130 - 本轮三组均无数据可处理,sleep 30s 后重试
2026-05-13 19:16:42.166 | INFO     | scheduler.jobs:_worker_loop:130 - 本轮三组均无数据可处理,sleep 30s 后重试
2026-05-13 19:17:12.730 | INFO     | scheduler.jobs:_worker_loop:130 - 本轮三组均无数据可处理,sleep 30s 后重试
2026-05-13 19:17:43.294 | INFO     | scheduler.jobs:_worker_loop:130 - 本轮三组均无数据可处理,sleep 30s 后重试
2026-05-13 19:18:13.597 | INFO     | scheduler.jobs:_worker_loop:130 - 本轮三组均无数据可处理,sleep 30s 后重试
2026-05-13 19:18:43.826 | INFO     | scheduler.jobs:_worker_loop:130 - 本轮三组均无数据可处理,sleep 30s 后重试
2026-05-13 19:19:14.137 | INFO     | scheduler.jobs:_worker_loop:130 - 本轮三组均无数据可处理,sleep 30s 后重试
2026-05-13 19:19:44.539 | INFO     | scheduler.jobs:_worker_loop:130 - 本轮三组均无数据可处理,sleep 30s 后重试
2026-05-13 19:20:14.898 | INFO     | services.l0_normalizer:run_once:141 - normalizer 本轮：扫描 12 条（tw=0 bn=12 dc=0）→ 写入 12 条（重复 0 条，空内容跳过 0 条）
2026-05-13 19:20:14.998 | INFO     | services.l1_entity_extractor:run_once:134 - entity_extractor 本轮：处理 12 条消息 → 产出 13 条实体提及
2026-05-13 19:20:15.134 | INFO     | scheduler.jobs:_worker_loop:130 - 本轮三组均无数据可处理,sleep 30s 后重试
2026-05-13 19:20:45.284 | INFO     | scheduler.jobs:_worker_loop:130 - 本轮三组均无数据可处理,sleep 30s 后重试
2026-05-13 19:21:15.573 | INFO     | scheduler.jobs:_worker_loop:130 - 本轮三组均无数据可处理,sleep 30s 后重试
2026-05-13 19:21:45.855 | INFO     | scheduler.jobs:_worker_loop:130 - 本轮三组均无数据可处理,sleep 30s 后重试
2026-05-13 19:22:16.084 | INFO     | scheduler.jobs:_worker_loop:130 - 本轮三组均无数据可处理,sleep 30s 后重试
2026-05-13 19:22:46.226 | INFO     | scheduler.jobs:_worker_loop:130 - 本轮三组均无数据可处理,sleep 30s 后重试
2026-05-13 19:23:16.930 | INFO     | scheduler.jobs:_worker_loop:130 - 本轮三组均无数据可处理,sleep 30s 后重试
2026-05-13 19:23:47.167 | INFO     | scheduler.jobs:_worker_loop:130 - 本轮三组均无数据可处理,sleep 30s 后重试
2026-05-13 19:24:17.633 | INFO     | scheduler.jobs:_worker_loop:130 - 本轮三组均无数据可处理,sleep 30s 后重试
2026-05-13 19:24:47.788 | INFO     | scheduler.jobs:_worker_loop:130 - 本轮三组均无数据可处理,sleep 30s 后重试
2026-05-13 19:25:18.228 | INFO     | scheduler.jobs:_worker_loop:130 - 本轮三组均无数据可处理,sleep 30s 后重试
2026-05-13 19:25:48.382 | INFO     | scheduler.jobs:_worker_loop:130 - 本轮三组均无数据可处理,sleep 30s 后重试
2026-05-13 19:26:18.657 | INFO     | scheduler.jobs:_worker_loop:130 - 本轮三组均无数据可处理,sleep 30s 后重试
2026-05-13 19:26:48.841 | INFO     | scheduler.jobs:_worker_loop:130 - 本轮三组均无数据可处理,sleep 30s 后重试
2026-05-13 19:27:19.143 | INFO     | scheduler.jobs:_worker_loop:130 - 本轮三组均无数据可处理,sleep 30s 后重试
2026-05-13 19:27:49.343 | INFO     | scheduler.jobs:_worker_loop:130 - 本轮三组均无数据可处理,sleep 30s 后重试
2026-05-13 19:28:20.647 | INFO     | services.l0_normalizer:run_once:141 - normalizer 本轮：扫描 13 条（tw=0 bn=13 dc=0）→ 写入 13 条（重复 0 条，空内容跳过 0 条）
2026-05-13 19:28:20.754 | INFO     | services.l1_entity_extractor:run_once:134 - entity_extractor 本轮：处理 13 条消息 → 产出 17 条实体提及
2026-05-13 19:28:20.858 | INFO     | scheduler.jobs:_worker_loop:130 - 本轮三组均无数据可处理,sleep 30s 后重试
2026-05-13 19:28:51.112 | INFO     | scheduler.jobs:_worker_loop:130 - 本轮三组均无数据可处理,sleep 30s 后重试
2026-05-13 19:29:22.040 | INFO     | scheduler.jobs:_worker_loop:130 - 本轮三组均无数据可处理,sleep 30s 后重试
2026-05-13 19:29:52.200 | INFO     | scheduler.jobs:_worker_loop:130 - 本轮三组均无数据可处理,sleep 30s 后重试
2026-05-13 19:30:22.652 | INFO     | services.l0_normalizer:run_once:141 - normalizer 本轮：扫描 18 条（tw=0 bn=0 dc=18）→ 写入 18 条（重复 2 条，空内容跳过 0 条）
2026-05-13 19:30:22.833 | INFO     | services.l1_entity_extractor:run_once:134 - entity_extractor 本轮：处理 16 条消息 → 产出 0 条实体提及
2026-05-13 19:30:25.573 | INFO     | services.l2_hotness:run_once:183 - hotness window_end=2026-05-13 11:30:00+00:00 top_k=11 elapsed=2.7s
2026-05-13 19:30:26.473 | INFO     | scheduler.jobs:_worker_loop:130 - 本轮三组均无数据可处理,sleep 30s 后重试
2026-05-13 19:30:57.307 | INFO     | scheduler.jobs:_worker_loop:130 - 本轮三组均无数据可处理,sleep 30s 后重试
2026-05-13 19:31:28.213 | INFO     | scheduler.jobs:_worker_loop:130 - 本轮三组均无数据可处理,sleep 30s 后重试
2026-05-13 19:31:58.507 | INFO     | scheduler.jobs:_worker_loop:130 - 本轮三组均无数据可处理,sleep 30s 后重试
2026-05-13 19:32:29.363 | INFO     | scheduler.jobs:_worker_loop:130 - 本轮三组均无数据可处理,sleep 30s 后重试
2026-05-13 19:32:59.490 | INFO     | scheduler.jobs:_worker_loop:130 - 本轮三组均无数据可处理,sleep 30s 后重试
2026-05-13 19:33:30.163 | INFO     | scheduler.jobs:_worker_loop:130 - 本轮三组均无数据可处理,sleep 30s 后重试
2026-05-13 19:34:00.310 | INFO     | scheduler.jobs:_worker_loop:130 - 本轮三组均无数据可处理,sleep 30s 后重试
2026-05-13 19:34:30.592 | INFO     | scheduler.jobs:_worker_loop:130 - 本轮三组均无数据可处理,sleep 30s 后重试
2026-05-13 19:35:00.965 | INFO     | services.l0_normalizer:run_once:141 - normalizer 本轮：扫描 12 条（tw=0 bn=12 dc=0）→ 写入 12 条（重复 0 条，空内容跳过 0 条）
2026-05-13 19:35:01.061 | INFO     | services.l1_entity_extractor:run_once:134 - entity_extractor 本轮：处理 12 条消息 → 产出 14 条实体提及
2026-05-13 19:35:01.160 | INFO     | scheduler.jobs:_worker_loop:130 - 本轮三组均无数据可处理,sleep 30s 后重试
2026-05-13 19:35:31.456 | INFO     | scheduler.jobs:_worker_loop:130 - 本轮三组均无数据可处理,sleep 30s 后重试
2026-05-13 19:36:01.703 | INFO     | scheduler.jobs:_worker_loop:130 - 本轮三组均无数据可处理,sleep 30s 后重试
2026-05-13 19:36:32.610 | INFO     | scheduler.jobs:_worker_loop:130 - 本轮三组均无数据可处理,sleep 30s 后重试
2026-05-13 19:37:02.978 | INFO     | services.l0_normalizer:run_once:141 - normalizer 本轮：扫描 14 条（tw=0 bn=0 dc=14）→ 写入 14 条（重复 0 条，空内容跳过 0 条）
2026-05-13 19:37:03.057 | INFO     | services.l1_entity_extractor:run_once:134 - entity_extractor 本轮：处理 14 条消息 → 产出 0 条实体提及
2026-05-13 19:37:03.153 | INFO     | scheduler.jobs:_worker_loop:130 - 本轮三组均无数据可处理,sleep 30s 后重试
2026-05-13 19:37:33.334 | INFO     | scheduler.jobs:_worker_loop:130 - 本轮三组均无数据可处理,sleep 30s 后重试
2026-05-13 19:38:03.531 | INFO     | scheduler.jobs:_worker_loop:130 - 本轮三组均无数据可处理,sleep 30s 后重试
2026-05-13 19:38:33.738 | INFO     | scheduler.jobs:_worker_loop:130 - 本轮三组均无数据可处理,sleep 30s 后重试
2026-05-13 19:39:04.258 | INFO     | scheduler.jobs:_worker_loop:130 - 本轮三组均无数据可处理,sleep 30s 后重试
2026-05-13 19:39:35.199 | INFO     | scheduler.jobs:_worker_loop:130 - 本轮三组均无数据可处理,sleep 30s 后重试
2026-05-13 19:40:05.374 | INFO     | scheduler.jobs:_worker_loop:130 - 本轮三组均无数据可处理,sleep 30s 后重试
2026-05-13 19:40:35.661 | INFO     | scheduler.jobs:_worker_loop:130 - 本轮三组均无数据可处理,sleep 30s 后重试
2026-05-13 19:41:06.280 | INFO     | scheduler.jobs:_worker_loop:130 - 本轮三组均无数据可处理,sleep 30s 后重试
2026-05-13 19:41:36.501 | INFO     | scheduler.jobs:_worker_loop:130 - 本轮三组均无数据可处理,sleep 30s 后重试
2026-05-13 19:42:07.452 | INFO     | scheduler.jobs:_worker_loop:130 - 本轮三组均无数据可处理,sleep 30s 后重试
2026-05-13 19:42:37.901 | INFO     | scheduler.jobs:_worker_loop:130 - 本轮三组均无数据可处理,sleep 30s 后重试
2026-05-13 19:43:08.069 | INFO     | scheduler.jobs:_worker_loop:130 - 本轮三组均无数据可处理,sleep 30s 后重试
2026-05-13 19:43:38.575 | INFO     | services.l0_normalizer:run_once:141 - normalizer 本轮：扫描 13 条（tw=0 bn=13 dc=0）→ 写入 13 条（重复 0 条，空内容跳过 0 条）
2026-05-13 19:43:38.685 | INFO     | services.l1_entity_extractor:run_once:134 - entity_extractor 本轮：处理 13 条消息 → 产出 11 条实体提及
2026-05-13 19:43:38.794 | INFO     | scheduler.jobs:_worker_loop:130 - 本轮三组均无数据可处理,sleep 30s 后重试
2026-05-13 19:44:08.904 | INFO     | scheduler.jobs:_worker_loop:130 - 本轮三组均无数据可处理,sleep 30s 后重试
2026-05-13 19:44:39.091 | INFO     | scheduler.jobs:_worker_loop:130 - 本轮三组均无数据可处理,sleep 30s 后重试
2026-05-13 19:45:09.986 | INFO     | services.l2_hotness:run_once:183 - hotness window_end=2026-05-13 11:45:00+00:00 top_k=10 elapsed=0.5s
2026-05-13 19:45:10.079 | INFO     | scheduler.jobs:_worker_loop:130 - 本轮三组均无数据可处理,sleep 30s 后重试
2026-05-13 19:45:40.222 | INFO     | scheduler.jobs:_worker_loop:130 - 本轮三组均无数据可处理,sleep 30s 后重试
2026-05-13 19:46:10.962 | INFO     | services.l0_normalizer:run_once:141 - normalizer 本轮：扫描 11 条（tw=0 bn=0 dc=11）→ 写入 11 条（重复 1 条，空内容跳过 0 条）
2026-05-13 19:46:11.178 | INFO     | services.l1_entity_extractor:run_once:134 - entity_extractor 本轮：处理 10 条消息 → 产出 0 条实体提及
2026-05-13 19:46:11.300 | INFO     | scheduler.jobs:_worker_loop:130 - 本轮三组均无数据可处理,sleep 30s 后重试
2026-05-13 19:46:41.543 | INFO     | scheduler.jobs:_worker_loop:130 - 本轮三组均无数据可处理,sleep 30s 后重试
2026-05-13 19:47:11.779 | INFO     | scheduler.jobs:_worker_loop:130 - 本轮三组均无数据可处理,sleep 30s 后重试
2026-05-13 19:47:42.083 | INFO     | scheduler.jobs:_worker_loop:130 - 本轮三组均无数据可处理,sleep 30s 后重试
2026-05-13 19:48:12.325 | INFO     | scheduler.jobs:_worker_loop:130 - 本轮三组均无数据可处理,sleep 30s 后重试
2026-05-13 19:48:42.498 | INFO     | scheduler.jobs:_worker_loop:130 - 本轮三组均无数据可处理,sleep 30s 后重试
2026-05-13 19:49:12.714 | INFO     | scheduler.jobs:_worker_loop:130 - 本轮三组均无数据可处理,sleep 30s 后重试
2026-05-13 19:49:42.961 | INFO     | scheduler.jobs:_worker_loop:130 - 本轮三组均无数据可处理,sleep 30s 后重试
2026-05-13 19:50:13.120 | INFO     | scheduler.jobs:_worker_loop:130 - 本轮三组均无数据可处理,sleep 30s 后重试
2026-05-13 19:50:43.347 | INFO     | scheduler.jobs:_worker_loop:130 - 本轮三组均无数据可处理,sleep 30s 后重试
2026-05-13 19:51:13.804 | INFO     | services.l0_normalizer:run_once:141 - normalizer 本轮：扫描 14 条（tw=0 bn=0 dc=14）→ 写入 14 条（重复 2 条，空内容跳过 0 条）
2026-05-13 19:51:13.936 | INFO     | services.l1_entity_extractor:run_once:134 - entity_extractor 本轮：处理 12 条消息 → 产出 1 条实体提及
2026-05-13 19:51:14.106 | INFO     | scheduler.jobs:_worker_loop:130 - 本轮三组均无数据可处理,sleep 30s 后重试
2026-05-13 19:51:44.294 | INFO     | scheduler.jobs:_worker_loop:130 - 本轮三组均无数据可处理,sleep 30s 后重试
2026-05-13 19:52:14.600 | INFO     | scheduler.jobs:_worker_loop:130 - 本轮三组均无数据可处理,sleep 30s 后重试
2026-05-13 19:52:45.319 | INFO     | services.l0_normalizer:run_once:141 - normalizer 本轮：扫描 17 条（tw=0 bn=0 dc=17）→ 写入 17 条（重复 4 条，空内容跳过 0 条）
2026-05-13 19:52:45.475 | INFO     | services.l1_entity_extractor:run_once:134 - entity_extractor 本轮：处理 13 条消息 → 产出 0 条实体提及
2026-05-13 19:52:45.585 | INFO     | scheduler.jobs:_worker_loop:130 - 本轮三组均无数据可处理,sleep 30s 后重试
2026-05-13 19:53:17.304 | INFO     | services.l0_normalizer:run_once:141 - normalizer 本轮：扫描 17 条（tw=0 bn=17 dc=0）→ 写入 17 条（重复 2 条，空内容跳过 0 条）
2026-05-13 19:53:17.396 | INFO     | services.l1_entity_extractor:run_once:134 - entity_extractor 本轮：处理 15 条消息 → 产出 10 条实体提及
2026-05-13 19:53:17.627 | INFO     | scheduler.jobs:_worker_loop:130 - 本轮三组均无数据可处理,sleep 30s 后重试
2026-05-13 19:53:47.855 | INFO     | scheduler.jobs:_worker_loop:130 - 本轮三组均无数据可处理,sleep 30s 后重试
2026-05-13 19:54:17.989 | INFO     | scheduler.jobs:_worker_loop:130 - 本轮三组均无数据可处理,sleep 30s 后重试
2026-05-13 19:54:48.386 | INFO     | services.l0_normalizer:run_once:141 - normalizer 本轮：扫描 12 条（tw=12 bn=0 dc=0）→ 写入 12 条（重复 0 条，空内容跳过 0 条）
2026-05-13 19:54:48.481 | INFO     | services.l1_entity_extractor:run_once:134 - entity_extractor 本轮：处理 12 条消息 → 产出 6 条实体提及
2026-05-13 19:54:48.607 | INFO     | scheduler.jobs:_worker_loop:130 - 本轮三组均无数据可处理,sleep 30s 后重试
2026-05-13 19:55:18.927 | INFO     | scheduler.jobs:_worker_loop:130 - 本轮三组均无数据可处理,sleep 30s 后重试
2026-05-13 19:55:49.225 | INFO     | scheduler.jobs:_worker_loop:130 - 本轮三组均无数据可处理,sleep 30s 后重试
2026-05-13 19:56:19.572 | INFO     | scheduler.jobs:_worker_loop:130 - 本轮三组均无数据可处理,sleep 30s 后重试
2026-05-13 19:56:49.727 | INFO     | scheduler.jobs:_worker_loop:130 - 本轮三组均无数据可处理,sleep 30s 后重试
2026-05-13 19:57:19.944 | INFO     | scheduler.jobs:_worker_loop:130 - 本轮三组均无数据可处理,sleep 30s 后重试
2026-05-13 19:57:50.149 | INFO     | scheduler.jobs:_worker_loop:130 - 本轮三组均无数据可处理,sleep 30s 后重试
2026-05-13 19:58:20.258 | INFO     | scheduler.jobs:_worker_loop:130 - 本轮三组均无数据可处理,sleep 30s 后重试
2026-05-13 19:58:50.495 | INFO     | scheduler.jobs:_worker_loop:130 - 本轮三组均无数据可处理,sleep 30s 后重试
2026-05-13 19:59:20.751 | INFO     | scheduler.jobs:_worker_loop:130 - 本轮三组均无数据可处理,sleep 30s 后重试
2026-05-13 19:59:51.503 | INFO     | scheduler.jobs:_worker_loop:130 - 本轮三组均无数据可处理,sleep 30s 后重试
2026-05-13 20:00:22.796 | INFO     | services.l2_hotness:run_once:183 - hotness window_end=2026-05-13 12:00:00+00:00 top_k=12 elapsed=1.1s
2026-05-13 20:00:22.934 | INFO     | scheduler.jobs:_worker_loop:130 - 本轮三组均无数据可处理,sleep 30s 后重试
2026-05-13 20:00:53.703 | INFO     | services.l0_normalizer:run_once:141 - normalizer 本轮：扫描 24 条（tw=0 bn=15 dc=9）→ 写入 24 条（重复 0 条，空内容跳过 0 条）
2026-05-13 20:00:54.523 | INFO     | services.l1_entity_extractor:run_once:134 - entity_extractor 本轮：处理 24 条消息 → 产出 14 条实体提及
2026-05-13 20:00:55.111 | INFO     | scheduler.jobs:_worker_loop:130 - 本轮三组均无数据可处理,sleep 30s 后重试
2026-05-13 20:01:25.281 | INFO     | scheduler.jobs:_worker_loop:130 - 本轮三组均无数据可处理,sleep 30s 后重试
2026-05-13 20:01:55.896 | INFO     | scheduler.jobs:_worker_loop:130 - 本轮三组均无数据可处理,sleep 30s 后重试
2026-05-13 20:02:26.158 | INFO     | scheduler.jobs:_worker_loop:130 - 本轮三组均无数据可处理,sleep 30s 后重试
2026-05-13 20:02:56.548 | INFO     | scheduler.jobs:_worker_loop:130 - 本轮三组均无数据可处理,sleep 30s 后重试
2026-05-13 20:03:26.743 | INFO     | scheduler.jobs:_worker_loop:130 - 本轮三组均无数据可处理,sleep 30s 后重试
2026-05-13 20:03:57.041 | INFO     | scheduler.jobs:_worker_loop:130 - 本轮三组均无数据可处理,sleep 30s 后重试
2026-05-13 20:04:28.078 | INFO     | scheduler.jobs:_worker_loop:130 - 本轮三组均无数据可处理,sleep 30s 后重试
2026-05-13 20:04:58.686 | INFO     | scheduler.jobs:_worker_loop:130 - 本轮三组均无数据可处理,sleep 30s 后重试
2026-05-13 20:05:28.940 | INFO     | scheduler.jobs:_worker_loop:130 - 本轮三组均无数据可处理,sleep 30s 后重试
2026-05-13 20:05:59.125 | INFO     | scheduler.jobs:_worker_loop:130 - 本轮三组均无数据可处理,sleep 30s 后重试
2026-05-13 20:06:29.426 | INFO     | scheduler.jobs:_worker_loop:130 - 本轮三组均无数据可处理,sleep 30s 后重试
2026-05-13 20:06:59.815 | INFO     | scheduler.jobs:_worker_loop:130 - 本轮三组均无数据可处理,sleep 30s 后重试
2026-05-13 20:07:30.537 | INFO     | scheduler.jobs:_worker_loop:130 - 本轮三组均无数据可处理,sleep 30s 后重试
2026-05-13 20:08:01.062 | INFO     | scheduler.jobs:_worker_loop:130 - 本轮三组均无数据可处理,sleep 30s 后重试
2026-05-13 20:08:32.136 | INFO     | scheduler.jobs:_worker_loop:130 - 本轮三组均无数据可处理,sleep 30s 后重试
2026-05-13 20:09:02.328 | INFO     | scheduler.jobs:_worker_loop:130 - 本轮三组均无数据可处理,sleep 30s 后重试
2026-05-13 20:09:32.521 | INFO     | scheduler.jobs:_worker_loop:130 - 本轮三组均无数据可处理,sleep 30s 后重试
2026-05-13 20:10:02.865 | INFO     | scheduler.jobs:_worker_loop:130 - 本轮三组均无数据可处理,sleep 30s 后重试
2026-05-13 20:10:33.039 | INFO     | scheduler.jobs:_worker_loop:130 - 本轮三组均无数据可处理,sleep 30s 后重试
2026-05-13 20:11:03.232 | INFO     | scheduler.jobs:_worker_loop:130 - 本轮三组均无数据可处理,sleep 30s 后重试
2026-05-13 20:11:33.502 | INFO     | scheduler.jobs:_worker_loop:130 - 本轮三组均无数据可处理,sleep 30s 后重试
2026-05-13 20:12:03.870 | INFO     | services.l0_normalizer:run_once:141 - normalizer 本轮：扫描 10 条（tw=0 bn=0 dc=10）→ 写入 10 条（重复 3 条，空内容跳过 0 条）
2026-05-13 20:12:04.020 | INFO     | services.l1_entity_extractor:run_once:134 - entity_extractor 本轮：处理 7 条消息 → 产出 0 条实体提及
2026-05-13 20:12:04.118 | INFO     | scheduler.jobs:_worker_loop:130 - 本轮三组均无数据可处理,sleep 30s 后重试
2026-05-13 20:12:34.327 | INFO     | scheduler.jobs:_worker_loop:130 - 本轮三组均无数据可处理,sleep 30s 后重试
2026-05-13 20:12:55.635 | INFO     | __main__:main:325 - 收到退出信号,正在停止调度器...
2026-05-13 20:12:55.635 | INFO     | scheduler.jobs:_worker_loop:136 - summary worker 已停止
2026-05-13 20:12:56.939 | INFO     | __main__:main:79 - 数据库连接已初始化(不再执行建表)
2026-05-13 20:12:56.940 | INFO     | __main__:main:193 - 老链路已关闭（settings.disable_legacy_pipeline=True）：跳过 Ollama 客户端与 Level1/Level2 Service 初始化
2026-05-13 20:12:56.940 | INFO     | __main__:main:210 - 词典就绪：tickers=54 chains=11 narratives=12 kols=0 aliases=194
2026-05-13 20:12:57.471 | INFO     | services.l2_sliding_counter:backfill_from_db:209 - sliding-counter backfill 完成：耗时 0.5s，回填 4196 条
2026-05-13 20:12:57.472 | INFO     | __main__:main:235 - SlidingCounter backfill 结束：ok=True total=4196 elapsed=0.5s
2026-05-13 20:12:57.522 | INFO     | services.l0_dedup:backfill_from_db:132 - deduplicator backfill 完成：回填 1762 条指纹（window_hours=24）
2026-05-13 20:12:57.522 | INFO     | scheduler.jobs:_worker_loop:95 - summary worker 启动:level1=0,level2=0,new=3,空闲 sleep 30s
2026-05-13 20:12:57.523 | INFO     | __main__:main:305 - 服务启动成功:worker 只跑新链路 (Phase 1 new services=3，空闲 sleep 30s)
2026-05-13 20:12:57.655 | INFO     | services.l0_normalizer:run_once:141 - normalizer 本轮：扫描 2 条（tw=0 bn=2 dc=0）→ 写入 2 条（重复 0 条，空内容跳过 0 条）
2026-05-13 20:12:57.725 | INFO     | services.l1_entity_extractor:run_once:134 - entity_extractor 本轮：处理 2 条消息 → 产出 0 条实体提及
2026-05-13 20:12:58.437 | INFO     | services.l2_hotness:run_once:183 - hotness window_end=2026-05-13 12:00:00+00:00 top_k=12 elapsed=0.7s
2026-05-13 20:12:58.583 | INFO     | scheduler.jobs:_worker_loop:130 - 本轮三组均无数据可处理,sleep 30s 后重试
2026-05-13 20:13:28.820 | INFO     | scheduler.jobs:_worker_loop:130 - 本轮三组均无数据可处理,sleep 30s 后重试
2026-05-13 20:13:59.120 | INFO     | scheduler.jobs:_worker_loop:130 - 本轮三组均无数据可处理,sleep 30s 后重试
2026-05-13 20:14:29.347 | INFO     | scheduler.jobs:_worker_loop:130 - 本轮三组均无数据可处理,sleep 30s 后重试
2026-05-13 20:14:59.468 | INFO     | scheduler.jobs:_worker_loop:130 - 本轮三组均无数据可处理,sleep 30s 后重试
2026-05-13 20:15:31.970 | INFO     | services.l2_hotness:run_once:183 - hotness window_end=2026-05-13 12:15:00+00:00 top_k=8 elapsed=2.2s
2026-05-13 20:15:32.308 | INFO     | scheduler.jobs:_worker_loop:130 - 本轮三组均无数据可处理,sleep 30s 后重试
2026-05-13 20:16:02.611 | INFO     | scheduler.jobs:_worker_loop:130 - 本轮三组均无数据可处理,sleep 30s 后重试
2026-05-13 20:16:33.438 | INFO     | services.l0_normalizer:run_once:141 - normalizer 本轮：扫描 18 条（tw=0 bn=0 dc=18）→ 写入 18 条（重复 0 条，空内容跳过 0 条）
2026-05-13 20:16:33.539 | INFO     | services.l1_entity_extractor:run_once:134 - entity_extractor 本轮：处理 18 条消息 → 产出 3 条实体提及
2026-05-13 20:16:33.629 | INFO     | scheduler.jobs:_worker_loop:130 - 本轮三组均无数据可处理,sleep 30s 后重试
2026-05-13 20:17:03.853 | INFO     | scheduler.jobs:_worker_loop:130 - 本轮三组均无数据可处理,sleep 30s 后重试
2026-05-13 20:17:34.106 | INFO     | scheduler.jobs:_worker_loop:130 - 本轮三组均无数据可处理,sleep 30s 后重试
2026-05-13 20:18:04.531 | INFO     | scheduler.jobs:_worker_loop:130 - 本轮三组均无数据可处理,sleep 30s 后重试
2026-05-13 20:18:34.793 | INFO     | scheduler.jobs:_worker_loop:130 - 本轮三组均无数据可处理,sleep 30s 后重试
2026-05-13 20:19:04.995 | INFO     | scheduler.jobs:_worker_loop:130 - 本轮三组均无数据可处理,sleep 30s 后重试
2026-05-13 20:19:35.205 | INFO     | scheduler.jobs:_worker_loop:130 - 本轮三组均无数据可处理,sleep 30s 后重试
2026-05-13 20:20:05.460 | INFO     | scheduler.jobs:_worker_loop:130 - 本轮三组均无数据可处理,sleep 30s 后重试
2026-05-13 20:20:35.862 | INFO     | services.l0_normalizer:run_once:141 - normalizer 本轮：扫描 11 条（tw=0 bn=0 dc=11）→ 写入 11 条（重复 4 条，空内容跳过 0 条）
2026-05-13 20:20:35.940 | INFO     | services.l1_entity_extractor:run_once:134 - entity_extractor 本轮：处理 7 条消息 → 产出 0 条实体提及
2026-05-13 20:20:36.066 | INFO     | scheduler.jobs:_worker_loop:130 - 本轮三组均无数据可处理,sleep 30s 后重试
2026-05-13 20:21:06.451 | INFO     | scheduler.jobs:_worker_loop:130 - 本轮三组均无数据可处理,sleep 30s 后重试
2026-05-13 20:21:36.599 | INFO     | scheduler.jobs:_worker_loop:130 - 本轮三组均无数据可处理,sleep 30s 后重试
2026-05-13 20:22:06.738 | INFO     | scheduler.jobs:_worker_loop:130 - 本轮三组均无数据可处理,sleep 30s 后重试
2026-05-13 20:22:36.927 | INFO     | scheduler.jobs:_worker_loop:130 - 本轮三组均无数据可处理,sleep 30s 后重试
2026-05-13 20:23:07.226 | INFO     | scheduler.jobs:_worker_loop:130 - 本轮三组均无数据可处理,sleep 30s 后重试
2026-05-13 20:23:37.488 | INFO     | scheduler.jobs:_worker_loop:130 - 本轮三组均无数据可处理,sleep 30s 后重试
2026-05-13 20:24:07.750 | INFO     | scheduler.jobs:_worker_loop:130 - 本轮三组均无数据可处理,sleep 30s 后重试
2026-05-13 20:24:38.122 | INFO     | services.l0_normalizer:run_once:141 - normalizer 本轮：扫描 5 条（tw=0 bn=5 dc=0）→ 写入 5 条（重复 0 条，空内容跳过 0 条）
2026-05-13 20:24:38.265 | INFO     | services.l1_entity_extractor:run_once:134 - entity_extractor 本轮：处理 5 条消息 → 产出 5 条实体提及
2026-05-13 20:24:38.366 | INFO     | scheduler.jobs:_worker_loop:130 - 本轮三组均无数据可处理,sleep 30s 后重试
2026-05-13 20:25:08.672 | INFO     | scheduler.jobs:_worker_loop:130 - 本轮三组均无数据可处理,sleep 30s 后重试
2026-05-13 20:25:38.835 | INFO     | scheduler.jobs:_worker_loop:130 - 本轮三组均无数据可处理,sleep 30s 后重试
2026-05-13 20:26:09.015 | INFO     | scheduler.jobs:_worker_loop:130 - 本轮三组均无数据可处理,sleep 30s 后重试
2026-05-13 20:26:39.200 | INFO     | scheduler.jobs:_worker_loop:130 - 本轮三组均无数据可处理,sleep 30s 后重试
2026-05-13 20:27:09.394 | INFO     | scheduler.jobs:_worker_loop:130 - 本轮三组均无数据可处理,sleep 30s 后重试
2026-05-13 20:27:39.528 | INFO     | scheduler.jobs:_worker_loop:130 - 本轮三组均无数据可处理,sleep 30s 后重试
2026-05-13 20:28:09.938 | INFO     | scheduler.jobs:_worker_loop:130 - 本轮三组均无数据可处理,sleep 30s 后重试
2026-05-13 20:28:40.040 | INFO     | scheduler.jobs:_worker_loop:130 - 本轮三组均无数据可处理,sleep 30s 后重试
2026-05-13 20:29:10.807 | INFO     | scheduler.jobs:_worker_loop:130 - 本轮三组均无数据可处理,sleep 30s 后重试
2026-05-13 20:29:40.929 | INFO     | scheduler.jobs:_worker_loop:130 - 本轮三组均无数据可处理,sleep 30s 后重试
2026-05-13 20:30:11.666 | INFO     | services.l2_hotness:run_once:183 - hotness window_end=2026-05-13 12:30:00+00:00 top_k=6 elapsed=0.5s
2026-05-13 20:30:11.755 | INFO     | scheduler.jobs:_worker_loop:130 - 本轮三组均无数据可处理,sleep 30s 后重试
2026-05-13 20:30:42.825 | INFO     | scheduler.jobs:_worker_loop:130 - 本轮三组均无数据可处理,sleep 30s 后重试
2026-05-13 20:31:12.999 | INFO     | scheduler.jobs:_worker_loop:130 - 本轮三组均无数据可处理,sleep 30s 后重试
2026-05-13 20:31:43.384 | INFO     | scheduler.jobs:_worker_loop:130 - 本轮三组均无数据可处理,sleep 30s 后重试
2026-05-13 20:32:13.661 | INFO     | scheduler.jobs:_worker_loop:130 - 本轮三组均无数据可处理,sleep 30s 后重试
2026-05-13 20:32:43.853 | INFO     | scheduler.jobs:_worker_loop:130 - 本轮三组均无数据可处理,sleep 30s 后重试
2026-05-13 20:33:14.049 | INFO     | scheduler.jobs:_worker_loop:130 - 本轮三组均无数据可处理,sleep 30s 后重试
2026-05-13 20:33:31.979 | INFO     | __main__:main:325 - 收到退出信号,正在停止调度器...
2026-05-13 20:33:31.980 | INFO     | scheduler.jobs:_worker_loop:136 - summary worker 已停止
2026-05-13 20:33:32.809 | INFO     | __main__:main:79 - 数据库连接已初始化(不再执行建表)
2026-05-13 20:33:32.809 | INFO     | __main__:main:193 - 老链路已关闭（settings.disable_legacy_pipeline=True）：跳过 Ollama 客户端与 Level1/Level2 Service 初始化
2026-05-13 20:33:32.809 | INFO     | __main__:main:210 - 词典就绪：tickers=24 chains=11 narratives=12 kols=0 aliases=155
2026-05-13 20:33:33.287 | INFO     | services.l2_sliding_counter:backfill_from_db:209 - sliding-counter backfill 完成：耗时 0.5s，回填 4203 条
2026-05-13 20:33:33.288 | INFO     | __main__:main:235 - SlidingCounter backfill 结束：ok=True total=4203 elapsed=0.5s
2026-05-13 20:33:33.535 | INFO     | services.l0_dedup:backfill_from_db:132 - deduplicator backfill 完成：回填 1771 条指纹（window_hours=24）
2026-05-13 20:33:33.536 | INFO     | scheduler.jobs:_worker_loop:95 - summary worker 启动:level1=0,level2=0,new=3,空闲 sleep 30s
2026-05-13 20:33:33.537 | INFO     | __main__:main:305 - 服务启动成功:worker 只跑新链路 (Phase 1 new services=3，空闲 sleep 30s)
2026-05-13 20:33:34.099 | INFO     | services.l2_hotness:run_once:183 - hotness window_end=2026-05-13 12:30:00+00:00 top_k=6 elapsed=0.3s
2026-05-13 20:33:34.198 | INFO     | scheduler.jobs:_worker_loop:130 - 本轮三组均无数据可处理,sleep 30s 后重试
2026-05-13 20:34:04.605 | INFO     | scheduler.jobs:_worker_loop:130 - 本轮三组均无数据可处理,sleep 30s 后重试
2026-05-13 20:34:35.137 | INFO     | scheduler.jobs:_worker_loop:130 - 本轮三组均无数据可处理,sleep 30s 后重试
2026-05-13 20:35:05.395 | INFO     | scheduler.jobs:_worker_loop:130 - 本轮三组均无数据可处理,sleep 30s 后重试
2026-05-13 20:35:35.599 | INFO     | scheduler.jobs:_worker_loop:130 - 本轮三组均无数据可处理,sleep 30s 后重试
2026-05-13 20:36:05.844 | INFO     | services.l0_normalizer:run_once:141 - normalizer 本轮：扫描 2 条（tw=0 bn=2 dc=0）→ 写入 2 条（重复 0 条，空内容跳过 0 条）
2026-05-13 20:36:05.919 | INFO     | services.l1_entity_extractor:run_once:134 - entity_extractor 本轮：处理 2 条消息 → 产出 0 条实体提及
2026-05-13 20:36:06.011 | INFO     | scheduler.jobs:_worker_loop:130 - 本轮三组均无数据可处理,sleep 30s 后重试
2026-05-13 20:36:20.320 | INFO     | __main__:main:325 - 收到退出信号,正在停止调度器...
2026-05-13 20:36:20.321 | INFO     | scheduler.jobs:_worker_loop:136 - summary worker 已停止
2026-05-13 20:36:21.268 | INFO     | __main__:main:79 - 数据库连接已初始化(不再执行建表)
2026-05-13 20:36:21.269 | INFO     | __main__:main:193 - 老链路已关闭（settings.disable_legacy_pipeline=True）：跳过 Ollama 客户端与 Level1/Level2 Service 初始化
2026-05-13 20:36:21.269 | INFO     | __main__:main:210 - 词典就绪：tickers=24 chains=12 narratives=12 kols=0 aliases=160
2026-05-13 20:36:21.727 | INFO     | services.l2_sliding_counter:backfill_from_db:209 - sliding-counter backfill 完成：耗时 0.5s，回填 4203 条
2026-05-13 20:36:21.727 | INFO     | __main__:main:235 - SlidingCounter backfill 结束：ok=True total=4203 elapsed=0.5s
2026-05-13 20:36:21.778 | INFO     | services.l0_dedup:backfill_from_db:132 - deduplicator backfill 完成：回填 1772 条指纹（window_hours=24）
2026-05-13 20:36:21.779 | INFO     | scheduler.jobs:_worker_loop:95 - summary worker 启动:level1=0,level2=0,new=3,空闲 sleep 30s
2026-05-13 20:36:21.780 | INFO     | __main__:main:305 - 服务启动成功:worker 只跑新链路 (Phase 1 new services=3，空闲 sleep 30s)
2026-05-13 20:36:22.206 | INFO     | services.l2_hotness:run_once:183 - hotness window_end=2026-05-13 12:30:00+00:00 top_k=6 elapsed=0.3s
2026-05-13 20:36:22.312 | INFO     | scheduler.jobs:_worker_loop:130 - 本轮三组均无数据可处理,sleep 30s 后重试
2026-05-13 20:36:52.676 | INFO     | services.l0_normalizer:run_once:141 - normalizer 本轮：扫描 10 条（tw=0 bn=0 dc=10）→ 写入 10 条（重复 0 条，空内容跳过 0 条）
2026-05-13 20:36:52.758 | INFO     | services.l1_entity_extractor:run_once:134 - entity_extractor 本轮：处理 10 条消息 → 产出 1 条实体提及
2026-05-13 20:36:52.856 | INFO     | scheduler.jobs:_worker_loop:130 - 本轮三组均无数据可处理,sleep 30s 后重试
2026-05-13 20:37:23.101 | INFO     | scheduler.jobs:_worker_loop:130 - 本轮三组均无数据可处理,sleep 30s 后重试
2026-05-13 20:37:53.284 | INFO     | scheduler.jobs:_worker_loop:130 - 本轮三组均无数据可处理,sleep 30s 后重试
2026-05-13 20:38:23.454 | INFO     | scheduler.jobs:_worker_loop:130 - 本轮三组均无数据可处理,sleep 30s 后重试
2026-05-13 20:38:53.775 | INFO     | scheduler.jobs:_worker_loop:130 - 本轮三组均无数据可处理,sleep 30s 后重试
2026-05-13 20:39:23.913 | INFO     | scheduler.jobs:_worker_loop:130 - 本轮三组均无数据可处理,sleep 30s 后重试
2026-05-13 20:39:54.178 | INFO     | scheduler.jobs:_worker_loop:130 - 本轮三组均无数据可处理,sleep 30s 后重试
2026-05-13 20:40:24.665 | INFO     | services.l0_normalizer:run_once:141 - normalizer 本轮：扫描 13 条（tw=0 bn=0 dc=13）→ 写入 13 条（重复 0 条，空内容跳过 0 条）
2026-05-13 20:40:24.857 | INFO     | services.l1_entity_extractor:run_once:134 - entity_extractor 本轮：处理 13 条消息 → 产出 1 条实体提及
2026-05-13 20:40:25.143 | INFO     | scheduler.jobs:_worker_loop:130 - 本轮三组均无数据可处理,sleep 30s 后重试
2026-05-13 20:40:55.517 | INFO     | scheduler.jobs:_worker_loop:130 - 本轮三组均无数据可处理,sleep 30s 后重试
2026-05-13 20:41:25.807 | INFO     | scheduler.jobs:_worker_loop:130 - 本轮三组均无数据可处理,sleep 30s 后重试
2026-05-13 20:41:56.216 | INFO     | services.l0_normalizer:run_once:141 - normalizer 本轮：扫描 1 条（tw=0 bn=1 dc=0）→ 写入 1 条（重复 0 条，空内容跳过 0 条）
2026-05-13 20:41:56.316 | INFO     | services.l1_entity_extractor:run_once:134 - entity_extractor 本轮：处理 1 条消息 → 产出 1 条实体提及
2026-05-13 20:41:56.412 | INFO     | scheduler.jobs:_worker_loop:130 - 本轮三组均无数据可处理,sleep 30s 后重试
2026-05-13 20:42:26.590 | INFO     | scheduler.jobs:_worker_loop:130 - 本轮三组均无数据可处理,sleep 30s 后重试
2026-05-13 20:42:56.823 | INFO     | scheduler.jobs:_worker_loop:130 - 本轮三组均无数据可处理,sleep 30s 后重试
2026-05-13 20:43:27.027 | INFO     | scheduler.jobs:_worker_loop:130 - 本轮三组均无数据可处理,sleep 30s 后重试
2026-05-13 20:43:57.331 | INFO     | scheduler.jobs:_worker_loop:130 - 本轮三组均无数据可处理,sleep 30s 后重试
2026-05-13 20:44:27.525 | INFO     | scheduler.jobs:_worker_loop:130 - 本轮三组均无数据可处理,sleep 30s 后重试
2026-05-13 20:44:58.022 | INFO     | services.l0_normalizer:run_once:141 - normalizer 本轮：扫描 17 条（tw=0 bn=0 dc=17）→ 写入 17 条（重复 6 条，空内容跳过 0 条）
2026-05-13 20:44:58.108 | INFO     | services.l1_entity_extractor:run_once:134 - entity_extractor 本轮：处理 11 条消息 → 产出 0 条实体提及
2026-05-13 20:44:58.213 | INFO     | scheduler.jobs:_worker_loop:130 - 本轮三组均无数据可处理,sleep 30s 后重试
2026-05-13 20:45:29.567 | INFO     | services.l2_hotness:run_once:183 - hotness window_end=2026-05-13 12:45:00+00:00 top_k=6 elapsed=0.5s
2026-05-13 20:45:29.663 | INFO     | scheduler.jobs:_worker_loop:130 - 本轮三组均无数据可处理,sleep 30s 后重试
2026-05-13 20:45:59.846 | INFO     | scheduler.jobs:_worker_loop:130 - 本轮三组均无数据可处理,sleep 30s 后重试
2026-05-13 20:46:29.979 | INFO     | scheduler.jobs:_worker_loop:130 - 本轮三组均无数据可处理,sleep 30s 后重试
2026-05-13 20:47:00.283 | INFO     | scheduler.jobs:_worker_loop:130 - 本轮三组均无数据可处理,sleep 30s 后重试
2026-05-13 20:47:30.616 | INFO     | scheduler.jobs:_worker_loop:130 - 本轮三组均无数据可处理,sleep 30s 后重试
2026-05-13 20:48:01.989 | INFO     | services.l0_normalizer:run_once:141 - normalizer 本轮：扫描 12 条（tw=0 bn=0 dc=12）→ 写入 12 条（重复 1 条，空内容跳过 0 条）
2026-05-13 20:48:02.545 | INFO     | services.l1_entity_extractor:run_once:134 - entity_extractor 本轮：处理 11 条消息 → 产出 0 条实体提及
2026-05-13 20:48:02.647 | INFO     | scheduler.jobs:_worker_loop:130 - 本轮三组均无数据可处理,sleep 30s 后重试
2026-05-13 20:48:32.922 | INFO     | scheduler.jobs:_worker_loop:130 - 本轮三组均无数据可处理,sleep 30s 后重试
2026-05-13 20:49:03.148 | INFO     | scheduler.jobs:_worker_loop:130 - 本轮三组均无数据可处理,sleep 30s 后重试
2026-05-13 20:49:33.342 | INFO     | scheduler.jobs:_worker_loop:130 - 本轮三组均无数据可处理,sleep 30s 后重试
2026-05-13 20:50:03.508 | INFO     | scheduler.jobs:_worker_loop:130 - 本轮三组均无数据可处理,sleep 30s 后重试
2026-05-13 20:50:33.963 | INFO     | scheduler.jobs:_worker_loop:130 - 本轮三组均无数据可处理,sleep 30s 后重试
2026-05-13 20:51:04.081 | INFO     | scheduler.jobs:_worker_loop:130 - 本轮三组均无数据可处理,sleep 30s 后重试
2026-05-13 20:51:34.214 | INFO     | scheduler.jobs:_worker_loop:130 - 本轮三组均无数据可处理,sleep 30s 后重试
2026-05-13 20:52:04.354 | INFO     | services.l0_normalizer:run_once:141 - normalizer 本轮：扫描 2 条（tw=0 bn=2 dc=0）→ 写入 2 条（重复 1 条，空内容跳过 0 条）
2026-05-13 20:52:04.428 | INFO     | services.l1_entity_extractor:run_once:134 - entity_extractor 本轮：处理 1 条消息 → 产出 0 条实体提及
2026-05-13 20:52:04.539 | INFO     | scheduler.jobs:_worker_loop:130 - 本轮三组均无数据可处理,sleep 30s 后重试
2026-05-13 20:52:34.713 | INFO     | scheduler.jobs:_worker_loop:130 - 本轮三组均无数据可处理,sleep 30s 后重试
2026-05-13 20:53:04.940 | INFO     | scheduler.jobs:_worker_loop:130 - 本轮三组均无数据可处理,sleep 30s 后重试
2026-05-13 20:53:35.180 | INFO     | scheduler.jobs:_worker_loop:130 - 本轮三组均无数据可处理,sleep 30s 后重试
2026-05-13 20:54:05.356 | INFO     | scheduler.jobs:_worker_loop:130 - 本轮三组均无数据可处理,sleep 30s 后重试
2026-05-13 20:54:36.223 | INFO     | services.l0_normalizer:run_once:141 - normalizer 本轮：扫描 26 条（tw=26 bn=0 dc=0）→ 写入 26 条（重复 2 条，空内容跳过 0 条）
2026-05-13 20:54:36.309 | INFO     | services.l1_entity_extractor:run_once:134 - entity_extractor 本轮：处理 24 条消息 → 产出 17 条实体提及
2026-05-13 20:54:36.399 | INFO     | scheduler.jobs:_worker_loop:130 - 本轮三组均无数据可处理,sleep 30s 后重试
2026-05-13 20:55:06.699 | INFO     | scheduler.jobs:_worker_loop:130 - 本轮三组均无数据可处理,sleep 30s 后重试
2026-05-13 20:55:36.815 | INFO     | scheduler.jobs:_worker_loop:130 - 本轮三组均无数据可处理,sleep 30s 后重试
2026-05-13 20:56:07.007 | INFO     | scheduler.jobs:_worker_loop:130 - 本轮三组均无数据可处理,sleep 30s 后重试
2026-05-13 20:56:37.203 | INFO     | scheduler.jobs:_worker_loop:130 - 本轮三组均无数据可处理,sleep 30s 后重试
2026-05-13 20:57:07.323 | INFO     | scheduler.jobs:_worker_loop:130 - 本轮三组均无数据可处理,sleep 30s 后重试
2026-05-13 20:57:37.528 | INFO     | scheduler.jobs:_worker_loop:130 - 本轮三组均无数据可处理,sleep 30s 后重试
2026-05-13 20:58:07.740 | INFO     | scheduler.jobs:_worker_loop:130 - 本轮三组均无数据可处理,sleep 30s 后重试
2026-05-13 20:58:38.167 | INFO     | scheduler.jobs:_worker_loop:130 - 本轮三组均无数据可处理,sleep 30s 后重试
2026-05-13 20:59:08.354 | INFO     | scheduler.jobs:_worker_loop:130 - 本轮三组均无数据可处理,sleep 30s 后重试
2026-05-13 20:59:38.497 | INFO     | scheduler.jobs:_worker_loop:130 - 本轮三组均无数据可处理,sleep 30s 后重试
2026-05-13 21:00:09.984 | INFO     | services.l2_hotness:run_once:183 - hotness window_end=2026-05-13 13:00:00+00:00 top_k=15 elapsed=1.0s
2026-05-13 21:00:10.074 | INFO     | scheduler.jobs:_worker_loop:130 - 本轮三组均无数据可处理,sleep 30s 后重试
2026-05-13 21:00:40.229 | INFO     | scheduler.jobs:_worker_loop:130 - 本轮三组均无数据可处理,sleep 30s 后重试
2026-05-13 21:01:10.422 | INFO     | scheduler.jobs:_worker_loop:130 - 本轮三组均无数据可处理,sleep 30s 后重试
2026-05-13 21:01:23.917 | INFO     | __main__:main:325 - 收到退出信号,正在停止调度器...
2026-05-13 21:01:23.917 | INFO     | scheduler.jobs:_worker_loop:136 - summary worker 已停止
2026-05-13 21:01:24.541 | INFO     | __main__:main:79 - 数据库连接已初始化(不再执行建表)
2026-05-13 21:01:24.541 | INFO     | __main__:main:193 - 老链路已关闭（settings.disable_legacy_pipeline=True）：跳过 Ollama 客户端与 Level1/Level2 Service 初始化
2026-05-13 21:01:24.542 | INFO     | __main__:main:210 - 词典就绪：tickers=24 chains=12 narratives=12 kols=0 aliases=160
2026-05-13 21:01:25.015 | INFO     | services.l2_sliding_counter:backfill_from_db:209 - sliding-counter backfill 完成：耗时 0.5s，回填 4214 条
2026-05-13 21:01:25.016 | INFO     | __main__:main:235 - SlidingCounter backfill 结束：ok=True total=4214 elapsed=0.5s
2026-05-13 21:01:25.086 | INFO     | services.l0_dedup:backfill_from_db:132 - deduplicator backfill 完成：回填 1813 条指纹（window_hours=24）
2026-05-13 21:01:25.086 | INFO     | scheduler.jobs:_worker_loop:95 - summary worker 启动:level1=0,level2=0,new=3,空闲 sleep 30s
2026-05-13 21:01:25.087 | INFO     | __main__:main:306 - 服务启动成功:worker 只跑新链路 (Phase 1 new services=3，空闲 sleep 30s)
2026-05-13 21:01:26.035 | INFO     | services.l2_hotness:run_once:200 - hotness window_end=2026-05-13 13:00:00+00:00 top_k=11 elapsed=0.8s
2026-05-13 21:01:26.140 | INFO     | scheduler.jobs:_worker_loop:130 - 本轮三组均无数据可处理,sleep 30s 后重试
2026-05-13 21:01:56.345 | INFO     | scheduler.jobs:_worker_loop:130 - 本轮三组均无数据可处理,sleep 30s 后重试
2026-05-13 21:02:26.982 | INFO     | scheduler.jobs:_worker_loop:130 - 本轮三组均无数据可处理,sleep 30s 后重试
2026-05-13 21:02:57.138 | INFO     | scheduler.jobs:_worker_loop:130 - 本轮三组均无数据可处理,sleep 30s 后重试
2026-05-13 21:03:27.330 | INFO     | scheduler.jobs:_worker_loop:130 - 本轮三组均无数据可处理,sleep 30s 后重试
2026-05-13 21:03:57.584 | INFO     | services.l0_normalizer:run_once:141 - normalizer 本轮：扫描 3 条（tw=0 bn=3 dc=0）→ 写入 3 条（重复 0 条，空内容跳过 0 条）
2026-05-13 21:03:57.661 | INFO     | services.l1_entity_extractor:run_once:134 - entity_extractor 本轮：处理 3 条消息 → 产出 2 条实体提及
2026-05-13 21:03:57.775 | INFO     | scheduler.jobs:_worker_loop:130 - 本轮三组均无数据可处理,sleep 30s 后重试
2026-05-13 21:04:28.000 | INFO     | scheduler.jobs:_worker_loop:130 - 本轮三组均无数据可处理,sleep 30s 后重试
2026-05-13 21:04:58.147 | INFO     | scheduler.jobs:_worker_loop:130 - 本轮三组均无数据可处理,sleep 30s 后重试
2026-05-13 21:05:28.298 | INFO     | scheduler.jobs:_worker_loop:130 - 本轮三组均无数据可处理,sleep 30s 后重试
2026-05-13 21:05:59.208 | INFO     | scheduler.jobs:_worker_loop:130 - 本轮三组均无数据可处理,sleep 30s 后重试
2026-05-13 21:06:29.483 | INFO     | scheduler.jobs:_worker_loop:130 - 本轮三组均无数据可处理,sleep 30s 后重试
2026-05-13 21:06:59.624 | INFO     | scheduler.jobs:_worker_loop:130 - 本轮三组均无数据可处理,sleep 30s 后重试
2026-05-13 21:07:29.816 | INFO     | scheduler.jobs:_worker_loop:130 - 本轮三组均无数据可处理,sleep 30s 后重试
2026-05-13 21:08:00.018 | INFO     | scheduler.jobs:_worker_loop:130 - 本轮三组均无数据可处理,sleep 30s 后重试
2026-05-13 21:08:30.118 | INFO     | scheduler.jobs:_worker_loop:130 - 本轮三组均无数据可处理,sleep 30s 后重试
2026-05-13 21:09:00.399 | INFO     | scheduler.jobs:_worker_loop:130 - 本轮三组均无数据可处理,sleep 30s 后重试
2026-05-13 21:09:30.629 | INFO     | services.l0_normalizer:run_once:141 - normalizer 本轮：扫描 10 条（tw=0 bn=0 dc=10）→ 写入 10 条（重复 1 条，空内容跳过 0 条）
2026-05-13 21:09:30.696 | INFO     | services.l1_entity_extractor:run_once:134 - entity_extractor 本轮：处理 9 条消息 → 产出 0 条实体提及
2026-05-13 21:09:30.778 | INFO     | scheduler.jobs:_worker_loop:130 - 本轮三组均无数据可处理,sleep 30s 后重试
2026-05-13 21:10:00.902 | INFO     | scheduler.jobs:_worker_loop:130 - 本轮三组均无数据可处理,sleep 30s 后重试
2026-05-13 21:10:31.070 | INFO     | scheduler.jobs:_worker_loop:130 - 本轮三组均无数据可处理,sleep 30s 后重试
2026-05-13 21:11:01.189 | INFO     | scheduler.jobs:_worker_loop:130 - 本轮三组均无数据可处理,sleep 30s 后重试
2026-05-13 21:11:31.412 | INFO     | services.l0_normalizer:run_once:141 - normalizer 本轮：扫描 7 条（tw=0 bn=7 dc=0）→ 写入 7 条（重复 0 条，空内容跳过 0 条）
2026-05-13 21:11:31.596 | INFO     | services.l1_entity_extractor:run_once:134 - entity_extractor 本轮：处理 7 条消息 → 产出 1 条实体提及
2026-05-13 21:11:31.681 | INFO     | scheduler.jobs:_worker_loop:130 - 本轮三组均无数据可处理,sleep 30s 后重试
2026-05-13 21:12:01.924 | INFO     | scheduler.jobs:_worker_loop:130 - 本轮三组均无数据可处理,sleep 30s 后重试
2026-05-13 21:12:32.095 | INFO     | scheduler.jobs:_worker_loop:130 - 本轮三组均无数据可处理,sleep 30s 后重试
2026-05-13 21:13:02.294 | INFO     | scheduler.jobs:_worker_loop:130 - 本轮三组均无数据可处理,sleep 30s 后重试
2026-05-13 21:13:32.547 | INFO     | scheduler.jobs:_worker_loop:130 - 本轮三组均无数据可处理,sleep 30s 后重试
2026-05-13 21:14:02.757 | INFO     | scheduler.jobs:_worker_loop:130 - 本轮三组均无数据可处理,sleep 30s 后重试
2026-05-13 21:14:33.740 | INFO     | scheduler.jobs:_worker_loop:130 - 本轮三组均无数据可处理,sleep 30s 后重试
2026-05-13 21:14:52.467 | INFO     | __main__:main:79 - 数据库连接已初始化(不再执行建表)
2026-05-13 21:14:52.468 | INFO     | __main__:main:193 - 老链路已关闭（settings.disable_legacy_pipeline=True）：跳过 Ollama 客户端与 Level1/Level2 Service 初始化
2026-05-13 21:14:52.468 | INFO     | __main__:main:210 - 词典就绪：tickers=1 chains=12 narratives=12 kols=0 aliases=129
2026-05-13 21:14:52.894 | INFO     | services.l2_sliding_counter:backfill_from_db:209 - sliding-counter backfill 完成：耗时 0.4s，回填 4217 条
2026-05-13 21:14:52.894 | INFO     | __main__:main:235 - SlidingCounter backfill 结束：ok=True total=4217 elapsed=0.4s
2026-05-13 21:14:52.936 | INFO     | services.l0_dedup:backfill_from_db:132 - deduplicator backfill 完成：回填 1815 条指纹（window_hours=24）
2026-05-13 21:14:52.937 | INFO     | scheduler.jobs:_worker_loop:95 - summary worker 启动:level1=0,level2=0,new=3,空闲 sleep 30s
2026-05-13 21:14:52.937 | INFO     | __main__:main:306 - 服务启动成功:worker 只跑新链路 (Phase 1 new services=3，空闲 sleep 30s)
2026-05-13 21:14:53.772 | INFO     | services.l2_hotness:run_once:200 - hotness window_end=2026-05-13 13:00:00+00:00 top_k=10 elapsed=0.7s
2026-05-13 21:14:54.051 | INFO     | scheduler.jobs:_worker_loop:130 - 本轮三组均无数据可处理,sleep 30s 后重试
2026-05-13 21:15:05.014 | INFO     | services.l2_hotness:run_once:200 - hotness window_end=2026-05-13 13:15:00+00:00 top_k=10 elapsed=0.9s
2026-05-13 21:15:05.092 | INFO     | scheduler.jobs:_worker_loop:130 - 本轮三组均无数据可处理,sleep 30s 后重试
2026-05-13 21:15:25.452 | INFO     | services.l2_hotness:run_once:200 - hotness window_end=2026-05-13 13:15:00+00:00 top_k=10 elapsed=1.2s
2026-05-13 21:15:25.670 | INFO     | scheduler.jobs:_worker_loop:130 - 本轮三组均无数据可处理,sleep 30s 后重试
2026-05-13 21:15:35.283 | INFO     | scheduler.jobs:_worker_loop:130 - 本轮三组均无数据可处理,sleep 30s 后重试
2026-05-13 21:15:55.824 | INFO     | scheduler.jobs:_worker_loop:130 - 本轮三组均无数据可处理,sleep 30s 后重试
2026-05-13 21:16:05.711 | INFO     | scheduler.jobs:_worker_loop:130 - 本轮三组均无数据可处理,sleep 30s 后重试
2026-05-13 21:16:26.176 | INFO     | services.l0_normalizer:run_once:141 - normalizer 本轮：扫描 3 条（tw=0 bn=3 dc=0）→ 写入 3 条（重复 0 条，空内容跳过 0 条）
2026-05-13 21:16:26.255 | INFO     | services.l1_entity_extractor:run_once:134 - entity_extractor 本轮：处理 3 条消息 → 产出 0 条实体提及
2026-05-13 21:16:26.416 | INFO     | scheduler.jobs:_worker_loop:130 - 本轮三组均无数据可处理,sleep 30s 后重试
2026-05-13 21:16:36.098 | INFO     | scheduler.jobs:_worker_loop:130 - 本轮三组均无数据可处理,sleep 30s 后重试
2026-05-13 21:16:56.617 | INFO     | scheduler.jobs:_worker_loop:130 - 本轮三组均无数据可处理,sleep 30s 后重试
2026-05-13 21:17:06.306 | INFO     | scheduler.jobs:_worker_loop:130 - 本轮三组均无数据可处理,sleep 30s 后重试
2026-05-13 21:17:26.923 | INFO     | scheduler.jobs:_worker_loop:130 - 本轮三组均无数据可处理,sleep 30s 后重试
2026-05-13 21:17:36.663 | INFO     | scheduler.jobs:_worker_loop:130 - 本轮三组均无数据可处理,sleep 30s 后重试
2026-05-13 21:17:57.203 | INFO     | scheduler.jobs:_worker_loop:130 - 本轮三组均无数据可处理,sleep 30s 后重试
2026-05-13 21:18:06.891 | INFO     | scheduler.jobs:_worker_loop:130 - 本轮三组均无数据可处理,sleep 30s 后重试
2026-05-13 21:18:27.353 | INFO     | scheduler.jobs:_worker_loop:130 - 本轮三组均无数据可处理,sleep 30s 后重试
2026-05-13 21:18:27.723 | INFO     | __main__:main:326 - 收到退出信号,正在停止调度器...
2026-05-13 21:18:27.723 | INFO     | __main__:main:326 - 收到退出信号,正在停止调度器...
2026-05-13 21:18:27.724 | INFO     | scheduler.jobs:_worker_loop:136 - summary worker 已停止
2026-05-13 21:18:27.724 | INFO     | scheduler.jobs:_worker_loop:136 - summary worker 已停止
2026-05-13 21:20:21.928 | INFO     | __main__:main:79 - 数据库连接已初始化(不再执行建表)
2026-05-13 21:20:21.929 | INFO     | __main__:main:193 - 老链路已关闭（settings.disable_legacy_pipeline=True）：跳过 Ollama 客户端与 Level1/Level2 Service 初始化
2026-05-13 21:20:21.929 | INFO     | __main__:main:210 - 词典就绪：tickers=24 chains=12 narratives=12 kols=0 aliases=160
2026-05-13 21:20:22.365 | INFO     | services.l2_sliding_counter:backfill_from_db:209 - sliding-counter backfill 完成：耗时 0.4s，回填 4217 条
2026-05-13 21:20:22.366 | INFO     | __main__:main:235 - SlidingCounter backfill 结束：ok=True total=4217 elapsed=0.4s
2026-05-13 21:20:22.431 | INFO     | services.l0_dedup:backfill_from_db:132 - deduplicator backfill 完成：回填 1817 条指纹（window_hours=24）
2026-05-13 21:20:22.432 | INFO     | scheduler.jobs:_worker_loop:95 - summary worker 启动:level1=0,level2=0,new=3,空闲 sleep 30s
2026-05-13 21:20:22.433 | INFO     | __main__:main:306 - 服务启动成功:worker 只跑新链路 (Phase 1 new services=3，空闲 sleep 30s)
2026-05-13 21:20:23.630 | INFO     | services.l2_hotness:run_once:200 - hotness window_end=2026-05-13 13:15:00+00:00 top_k=10 elapsed=1.0s
2026-05-13 21:20:23.750 | INFO     | scheduler.jobs:_worker_loop:130 - 本轮三组均无数据可处理,sleep 30s 后重试
2026-05-13 21:20:54.132 | INFO     | scheduler.jobs:_worker_loop:130 - 本轮三组均无数据可处理,sleep 30s 后重试
2026-05-13 21:21:24.408 | INFO     | scheduler.jobs:_worker_loop:130 - 本轮三组均无数据可处理,sleep 30s 后重试
2026-05-13 21:21:55.073 | INFO     | scheduler.jobs:_worker_loop:130 - 本轮三组均无数据可处理,sleep 30s 后重试
2026-05-13 21:22:25.332 | INFO     | scheduler.jobs:_worker_loop:130 - 本轮三组均无数据可处理,sleep 30s 后重试
2026-05-13 21:22:55.593 | INFO     | scheduler.jobs:_worker_loop:130 - 本轮三组均无数据可处理,sleep 30s 后重试
2026-05-13 21:23:25.723 | INFO     | scheduler.jobs:_worker_loop:130 - 本轮三组均无数据可处理,sleep 30s 后重试
2026-05-13 21:23:56.398 | INFO     | scheduler.jobs:_worker_loop:130 - 本轮三组均无数据可处理,sleep 30s 后重试
2026-05-13 21:24:26.883 | INFO     | scheduler.jobs:_worker_loop:130 - 本轮三组均无数据可处理,sleep 30s 后重试
2026-05-13 21:24:57.187 | INFO     | scheduler.jobs:_worker_loop:130 - 本轮三组均无数据可处理,sleep 30s 后重试
2026-05-13 21:25:27.366 | INFO     | scheduler.jobs:_worker_loop:130 - 本轮三组均无数据可处理,sleep 30s 后重试
2026-05-13 21:25:57.617 | INFO     | scheduler.jobs:_worker_loop:130 - 本轮三组均无数据可处理,sleep 30s 后重试
2026-05-13 21:26:27.814 | INFO     | scheduler.jobs:_worker_loop:130 - 本轮三组均无数据可处理,sleep 30s 后重试
2026-05-13 21:26:58.341 | INFO     | services.l0_normalizer:run_once:141 - normalizer 本轮：扫描 3 条（tw=0 bn=3 dc=0）→ 写入 3 条（重复 0 条，空内容跳过 0 条）
2026-05-13 21:26:58.466 | INFO     | services.l1_entity_extractor:run_once:134 - entity_extractor 本轮：处理 3 条消息 → 产出 1 条实体提及
2026-05-13 21:26:58.788 | INFO     | scheduler.jobs:_worker_loop:130 - 本轮三组均无数据可处理,sleep 30s 后重试
2026-05-13 21:27:29.034 | INFO     | scheduler.jobs:_worker_loop:130 - 本轮三组均无数据可处理,sleep 30s 后重试
2026-05-13 21:27:59.411 | INFO     | scheduler.jobs:_worker_loop:130 - 本轮三组均无数据可处理,sleep 30s 后重试
2026-05-13 21:28:29.587 | INFO     | scheduler.jobs:_worker_loop:130 - 本轮三组均无数据可处理,sleep 30s 后重试
2026-05-13 21:29:00.433 | INFO     | scheduler.jobs:_worker_loop:130 - 本轮三组均无数据可处理,sleep 30s 后重试
2026-05-13 21:29:30.548 | INFO     | scheduler.jobs:_worker_loop:130 - 本轮三组均无数据可处理,sleep 30s 后重试
2026-05-13 21:30:01.630 | INFO     | services.l2_hotness:run_once:200 - hotness window_end=2026-05-13 13:30:00+00:00 top_k=9 elapsed=0.9s
2026-05-13 21:30:01.826 | INFO     | scheduler.jobs:_worker_loop:130 - 本轮三组均无数据可处理,sleep 30s 后重试
2026-05-13 21:30:31.960 | INFO     | scheduler.jobs:_worker_loop:130 - 本轮三组均无数据可处理,sleep 30s 后重试
2026-05-13 21:31:02.140 | INFO     | scheduler.jobs:_worker_loop:130 - 本轮三组均无数据可处理,sleep 30s 后重试
2026-05-13 21:31:32.478 | INFO     | scheduler.jobs:_worker_loop:130 - 本轮三组均无数据可处理,sleep 30s 后重试
2026-05-13 21:32:02.606 | INFO     | scheduler.jobs:_worker_loop:130 - 本轮三组均无数据可处理,sleep 30s 后重试
2026-05-13 21:32:32.856 | INFO     | scheduler.jobs:_worker_loop:130 - 本轮三组均无数据可处理,sleep 30s 后重试
2026-05-13 21:33:02.961 | INFO     | scheduler.jobs:_worker_loop:130 - 本轮三组均无数据可处理,sleep 30s 后重试
2026-05-13 21:33:33.078 | INFO     | scheduler.jobs:_worker_loop:130 - 本轮三组均无数据可处理,sleep 30s 后重试
2026-05-13 21:34:04.090 | INFO     | scheduler.jobs:_worker_loop:130 - 本轮三组均无数据可处理,sleep 30s 后重试
2026-05-13 21:34:34.361 | INFO     | scheduler.jobs:_worker_loop:130 - 本轮三组均无数据可处理,sleep 30s 后重试
2026-05-13 21:35:04.646 | INFO     | scheduler.jobs:_worker_loop:130 - 本轮三组均无数据可处理,sleep 30s 后重试
2026-05-13 21:35:34.904 | INFO     | scheduler.jobs:_worker_loop:130 - 本轮三组均无数据可处理,sleep 30s 后重试
2026-05-13 21:36:05.280 | INFO     | services.l0_normalizer:run_once:141 - normalizer 本轮：扫描 9 条（tw=0 bn=0 dc=9）→ 写入 9 条（重复 0 条，空内容跳过 0 条）
2026-05-13 21:36:05.389 | INFO     | services.l1_entity_extractor:run_once:134 - entity_extractor 本轮：处理 9 条消息 → 产出 0 条实体提及
2026-05-13 21:36:05.487 | INFO     | scheduler.jobs:_worker_loop:130 - 本轮三组均无数据可处理,sleep 30s 后重试
2026-05-13 21:36:35.714 | INFO     | scheduler.jobs:_worker_loop:130 - 本轮三组均无数据可处理,sleep 30s 后重试
2026-05-13 21:37:05.923 | INFO     | scheduler.jobs:_worker_loop:130 - 本轮三组均无数据可处理,sleep 30s 后重试
2026-05-13 21:37:36.413 | INFO     | scheduler.jobs:_worker_loop:130 - 本轮三组均无数据可处理,sleep 30s 后重试
2026-05-13 21:38:06.638 | INFO     | scheduler.jobs:_worker_loop:130 - 本轮三组均无数据可处理,sleep 30s 后重试
2026-05-13 21:38:37.768 | INFO     | services.l0_normalizer:run_once:141 - normalizer 本轮：扫描 2 条（tw=0 bn=2 dc=0）→ 写入 2 条（重复 0 条，空内容跳过 0 条）
2026-05-13 21:38:38.674 | INFO     | services.l1_entity_extractor:run_once:134 - entity_extractor 本轮：处理 2 条消息 → 产出 5 条实体提及
2026-05-13 21:38:39.679 | INFO     | scheduler.jobs:_worker_loop:130 - 本轮三组均无数据可处理,sleep 30s 后重试
2026-05-13 21:39:10.663 | INFO     | scheduler.jobs:_worker_loop:130 - 本轮三组均无数据可处理,sleep 30s 后重试
2026-05-13 21:39:42.520 | INFO     | services.l0_normalizer:run_once:141 - normalizer 本轮：扫描 10 条（tw=0 bn=0 dc=10）→ 写入 10 条（重复 2 条，空内容跳过 0 条）
2026-05-13 21:39:43.426 | INFO     | services.l1_entity_extractor:run_once:134 - entity_extractor 本轮：处理 8 条消息 → 产出 0 条实体提及
2026-05-13 21:39:44.431 | INFO     | scheduler.jobs:_worker_loop:130 - 本轮三组均无数据可处理,sleep 30s 后重试
2026-05-13 21:40:15.370 | INFO     | scheduler.jobs:_worker_loop:130 - 本轮三组均无数据可处理,sleep 30s 后重试
2026-05-13 21:40:46.118 | INFO     | scheduler.jobs:_worker_loop:130 - 本轮三组均无数据可处理,sleep 30s 后重试
2026-05-13 21:41:17.059 | INFO     | scheduler.jobs:_worker_loop:130 - 本轮三组均无数据可处理,sleep 30s 后重试
2026-05-13 21:41:48.076 | INFO     | scheduler.jobs:_worker_loop:130 - 本轮三组均无数据可处理,sleep 30s 后重试
2026-05-13 21:42:19.081 | INFO     | scheduler.jobs:_worker_loop:130 - 本轮三组均无数据可处理,sleep 30s 后重试
2026-05-13 21:42:50.398 | INFO     | scheduler.jobs:_worker_loop:130 - 本轮三组均无数据可处理,sleep 30s 后重试
2026-05-13 21:43:21.222 | INFO     | scheduler.jobs:_worker_loop:130 - 本轮三组均无数据可处理,sleep 30s 后重试
2026-05-13 21:43:51.990 | INFO     | scheduler.jobs:_worker_loop:130 - 本轮三组均无数据可处理,sleep 30s 后重试
2026-05-13 21:44:22.220 | INFO     | scheduler.jobs:_worker_loop:130 - 本轮三组均无数据可处理,sleep 30s 后重试
2026-05-13 21:44:52.355 | INFO     | scheduler.jobs:_worker_loop:130 - 本轮三组均无数据可处理,sleep 30s 后重试
2026-05-13 21:45:23.366 | INFO     | services.l2_hotness:run_once:200 - hotness window_end=2026-05-13 13:45:00+00:00 top_k=11 elapsed=0.8s
2026-05-13 21:45:23.477 | INFO     | scheduler.jobs:_worker_loop:130 - 本轮三组均无数据可处理,sleep 30s 后重试
2026-05-13 21:45:53.889 | INFO     | services.l0_normalizer:run_once:141 - normalizer 本轮：扫描 4 条（tw=0 bn=4 dc=0）→ 写入 4 条（重复 0 条，空内容跳过 0 条）
2026-05-13 21:45:54.078 | INFO     | services.l1_entity_extractor:run_once:134 - entity_extractor 本轮：处理 4 条消息 → 产出 10 条实体提及
2026-05-13 21:45:54.179 | INFO     | scheduler.jobs:_worker_loop:130 - 本轮三组均无数据可处理,sleep 30s 后重试
2026-05-13 21:46:24.412 | INFO     | scheduler.jobs:_worker_loop:130 - 本轮三组均无数据可处理,sleep 30s 后重试
2026-05-13 21:46:54.648 | INFO     | scheduler.jobs:_worker_loop:130 - 本轮三组均无数据可处理,sleep 30s 后重试
2026-05-13 21:47:25.004 | INFO     | scheduler.jobs:_worker_loop:130 - 本轮三组均无数据可处理,sleep 30s 后重试
2026-05-13 21:47:55.269 | INFO     | scheduler.jobs:_worker_loop:130 - 本轮三组均无数据可处理,sleep 30s 后重试
2026-05-13 21:48:25.511 | INFO     | scheduler.jobs:_worker_loop:130 - 本轮三组均无数据可处理,sleep 30s 后重试
2026-05-13 21:48:55.628 | INFO     | scheduler.jobs:_worker_loop:130 - 本轮三组均无数据可处理,sleep 30s 后重试
2026-05-13 21:49:25.887 | INFO     | scheduler.jobs:_worker_loop:130 - 本轮三组均无数据可处理,sleep 30s 后重试
2026-05-13 21:49:56.147 | INFO     | scheduler.jobs:_worker_loop:130 - 本轮三组均无数据可处理,sleep 30s 后重试
2026-05-13 21:50:26.747 | INFO     | services.l0_normalizer:run_once:141 - normalizer 本轮：扫描 10 条（tw=0 bn=0 dc=10）→ 写入 10 条（重复 5 条，空内容跳过 0 条）
2026-05-13 21:50:26.825 | INFO     | services.l1_entity_extractor:run_once:134 - entity_extractor 本轮：处理 5 条消息 → 产出 0 条实体提及
2026-05-13 21:50:26.910 | INFO     | scheduler.jobs:_worker_loop:130 - 本轮三组均无数据可处理,sleep 30s 后重试
2026-05-13 21:50:57.171 | INFO     | scheduler.jobs:_worker_loop:130 - 本轮三组均无数据可处理,sleep 30s 后重试
2026-05-13 21:51:27.526 | INFO     | scheduler.jobs:_worker_loop:130 - 本轮三组均无数据可处理,sleep 30s 后重试
2026-05-13 21:51:57.672 | INFO     | scheduler.jobs:_worker_loop:130 - 本轮三组均无数据可处理,sleep 30s 后重试
2026-05-13 21:52:27.962 | INFO     | scheduler.jobs:_worker_loop:130 - 本轮三组均无数据可处理,sleep 30s 后重试
2026-05-13 21:52:58.080 | INFO     | scheduler.jobs:_worker_loop:130 - 本轮三组均无数据可处理,sleep 30s 后重试
2026-05-13 21:53:28.972 | INFO     | scheduler.jobs:_worker_loop:130 - 本轮三组均无数据可处理,sleep 30s 后重试
2026-05-13 21:53:59.151 | INFO     | scheduler.jobs:_worker_loop:130 - 本轮三组均无数据可处理,sleep 30s 后重试
2026-05-13 21:54:29.253 | INFO     | scheduler.jobs:_worker_loop:130 - 本轮三组均无数据可处理,sleep 30s 后重试
2026-05-13 21:54:59.887 | INFO     | services.l0_normalizer:run_once:141 - normalizer 本轮：扫描 17 条（tw=17 bn=0 dc=0）→ 写入 17 条（重复 0 条，空内容跳过 0 条）
2026-05-13 21:54:59.990 | INFO     | services.l1_entity_extractor:run_once:134 - entity_extractor 本轮：处理 17 条消息 → 产出 5 条实体提及
2026-05-13 21:55:00.083 | INFO     | scheduler.jobs:_worker_loop:130 - 本轮三组均无数据可处理,sleep 30s 后重试
2026-05-13 21:55:30.284 | INFO     | scheduler.jobs:_worker_loop:130 - 本轮三组均无数据可处理,sleep 30s 后重试
2026-05-13 21:56:00.411 | INFO     | scheduler.jobs:_worker_loop:130 - 本轮三组均无数据可处理,sleep 30s 后重试
2026-05-13 21:56:30.604 | INFO     | services.l0_normalizer:run_once:141 - normalizer 本轮：扫描 1 条（tw=0 bn=1 dc=0）→ 写入 1 条（重复 0 条，空内容跳过 0 条）
2026-05-13 21:56:30.695 | INFO     | services.l1_entity_extractor:run_once:134 - entity_extractor 本轮：处理 1 条消息 → 产出 0 条实体提及
2026-05-13 21:56:30.798 | INFO     | scheduler.jobs:_worker_loop:130 - 本轮三组均无数据可处理,sleep 30s 后重试
2026-05-13 21:57:01.813 | INFO     | services.l0_normalizer:run_once:141 - normalizer 本轮：扫描 15 条（tw=0 bn=0 dc=15）→ 写入 15 条（重复 0 条，空内容跳过 0 条）
2026-05-13 21:57:02.129 | INFO     | services.l1_entity_extractor:run_once:134 - entity_extractor 本轮：处理 15 条消息 → 产出 2 条实体提及
2026-05-13 21:57:02.224 | INFO     | scheduler.jobs:_worker_loop:130 - 本轮三组均无数据可处理,sleep 30s 后重试
2026-05-13 21:57:32.806 | INFO     | scheduler.jobs:_worker_loop:130 - 本轮三组均无数据可处理,sleep 30s 后重试
2026-05-13 21:58:03.133 | INFO     | scheduler.jobs:_worker_loop:130 - 本轮三组均无数据可处理,sleep 30s 后重试
2026-05-13 21:58:33.390 | INFO     | scheduler.jobs:_worker_loop:130 - 本轮三组均无数据可处理,sleep 30s 后重试
2026-05-13 21:59:03.712 | INFO     | scheduler.jobs:_worker_loop:130 - 本轮三组均无数据可处理,sleep 30s 后重试
2026-05-13 21:59:33.892 | INFO     | scheduler.jobs:_worker_loop:130 - 本轮三组均无数据可处理,sleep 30s 后重试
2026-05-13 22:00:04.659 | INFO     | services.l2_hotness:run_once:200 - hotness window_end=2026-05-13 14:00:00+00:00 top_k=7 elapsed=0.6s
2026-05-13 22:00:04.769 | INFO     | scheduler.jobs:_worker_loop:130 - 本轮三组均无数据可处理,sleep 30s 后重试
2026-05-13 22:00:35.414 | INFO     | services.l0_normalizer:run_once:141 - normalizer 本轮：扫描 25 条（tw=0 bn=0 dc=25）→ 写入 25 条（重复 5 条，空内容跳过 0 条）
2026-05-13 22:00:35.546 | INFO     | services.l1_entity_extractor:run_once:134 - entity_extractor 本轮：处理 20 条消息 → 产出 1 条实体提及
2026-05-13 22:00:35.641 | INFO     | scheduler.jobs:_worker_loop:130 - 本轮三组均无数据可处理,sleep 30s 后重试
2026-05-13 22:01:05.800 | INFO     | scheduler.jobs:_worker_loop:130 - 本轮三组均无数据可处理,sleep 30s 后重试
2026-05-13 22:01:36.043 | INFO     | scheduler.jobs:_worker_loop:130 - 本轮三组均无数据可处理,sleep 30s 后重试
2026-05-13 22:02:06.151 | INFO     | scheduler.jobs:_worker_loop:130 - 本轮三组均无数据可处理,sleep 30s 后重试
2026-05-13 22:02:36.256 | INFO     | scheduler.jobs:_worker_loop:130 - 本轮三组均无数据可处理,sleep 30s 后重试
2026-05-13 22:03:06.573 | INFO     | services.l0_normalizer:run_once:141 - normalizer 本轮：扫描 4 条（tw=0 bn=4 dc=0）→ 写入 4 条（重复 0 条，空内容跳过 0 条）
2026-05-13 22:03:06.685 | INFO     | services.l1_entity_extractor:run_once:134 - entity_extractor 本轮：处理 4 条消息 → 产出 11 条实体提及
2026-05-13 22:03:06.776 | INFO     | scheduler.jobs:_worker_loop:130 - 本轮三组均无数据可处理,sleep 30s 后重试
2026-05-13 22:03:36.954 | INFO     | scheduler.jobs:_worker_loop:130 - 本轮三组均无数据可处理,sleep 30s 后重试
2026-05-13 22:04:07.161 | INFO     | scheduler.jobs:_worker_loop:130 - 本轮三组均无数据可处理,sleep 30s 后重试
2026-05-13 22:04:37.397 | INFO     | scheduler.jobs:_worker_loop:130 - 本轮三组均无数据可处理,sleep 30s 后重试
2026-05-13 22:05:07.572 | INFO     | scheduler.jobs:_worker_loop:130 - 本轮三组均无数据可处理,sleep 30s 后重试
2026-05-13 22:05:37.821 | INFO     | scheduler.jobs:_worker_loop:130 - 本轮三组均无数据可处理,sleep 30s 后重试
2026-05-13 22:06:07.974 | INFO     | scheduler.jobs:_worker_loop:130 - 本轮三组均无数据可处理,sleep 30s 后重试
2026-05-13 22:06:38.181 | INFO     | scheduler.jobs:_worker_loop:130 - 本轮三组均无数据可处理,sleep 30s 后重试
2026-05-13 22:07:08.627 | INFO     | scheduler.jobs:_worker_loop:130 - 本轮三组均无数据可处理,sleep 30s 后重试
2026-05-13 22:07:38.914 | INFO     | scheduler.jobs:_worker_loop:130 - 本轮三组均无数据可处理,sleep 30s 后重试
2026-05-13 22:08:09.297 | INFO     | services.l0_normalizer:run_once:141 - normalizer 本轮：扫描 9 条（tw=0 bn=0 dc=9）→ 写入 9 条（重复 4 条，空内容跳过 0 条）
2026-05-13 22:08:09.407 | INFO     | services.l1_entity_extractor:run_once:134 - entity_extractor 本轮：处理 5 条消息 → 产出 0 条实体提及
2026-05-13 22:08:09.508 | INFO     | scheduler.jobs:_worker_loop:130 - 本轮三组均无数据可处理,sleep 30s 后重试
2026-05-13 22:08:39.755 | INFO     | services.l0_normalizer:run_once:141 - normalizer 本轮：扫描 6 条（tw=0 bn=6 dc=0）→ 写入 6 条（重复 0 条，空内容跳过 0 条）
2026-05-13 22:08:39.864 | INFO     | services.l1_entity_extractor:run_once:134 - entity_extractor 本轮：处理 6 条消息 → 产出 6 条实体提及
2026-05-13 22:08:39.974 | INFO     | scheduler.jobs:_worker_loop:130 - 本轮三组均无数据可处理,sleep 30s 后重试
2026-05-13 22:09:10.143 | INFO     | scheduler.jobs:_worker_loop:130 - 本轮三组均无数据可处理,sleep 30s 后重试
2026-05-13 22:09:40.345 | INFO     | scheduler.jobs:_worker_loop:130 - 本轮三组均无数据可处理,sleep 30s 后重试
2026-05-13 22:10:10.578 | INFO     | scheduler.jobs:_worker_loop:130 - 本轮三组均无数据可处理,sleep 30s 后重试
2026-05-13 22:10:40.853 | INFO     | scheduler.jobs:_worker_loop:130 - 本轮三组均无数据可处理,sleep 30s 后重试
2026-05-13 22:11:11.181 | INFO     | scheduler.jobs:_worker_loop:130 - 本轮三组均无数据可处理,sleep 30s 后重试
2026-05-13 22:11:41.320 | INFO     | scheduler.jobs:_worker_loop:130 - 本轮三组均无数据可处理,sleep 30s 后重试
2026-05-13 22:12:11.409 | INFO     | scheduler.jobs:_worker_loop:130 - 本轮三组均无数据可处理,sleep 30s 后重试
2026-05-13 22:12:41.554 | INFO     | scheduler.jobs:_worker_loop:130 - 本轮三组均无数据可处理,sleep 30s 后重试
2026-05-13 22:13:11.663 | INFO     | scheduler.jobs:_worker_loop:130 - 本轮三组均无数据可处理,sleep 30s 后重试
2026-05-13 22:13:41.770 | INFO     | scheduler.jobs:_worker_loop:130 - 本轮三组均无数据可处理,sleep 30s 后重试
2026-05-13 22:14:12.087 | INFO     | scheduler.jobs:_worker_loop:130 - 本轮三组均无数据可处理,sleep 30s 后重试
2026-05-13 22:14:42.434 | INFO     | scheduler.jobs:_worker_loop:130 - 本轮三组均无数据可处理,sleep 30s 后重试
2026-05-13 22:15:13.069 | INFO     | services.l0_normalizer:run_once:141 - normalizer 本轮：扫描 21 条（tw=0 bn=5 dc=16）→ 写入 21 条（重复 4 条，空内容跳过 0 条）
2026-05-13 22:15:13.178 | INFO     | services.l1_entity_extractor:run_once:134 - entity_extractor 本轮：处理 17 条消息 → 产出 2 条实体提及
2026-05-13 22:15:13.884 | INFO     | services.l2_hotness:run_once:200 - hotness window_end=2026-05-13 14:15:00+00:00 top_k=12 elapsed=0.7s
2026-05-13 22:15:13.992 | INFO     | scheduler.jobs:_worker_loop:130 - 本轮三组均无数据可处理,sleep 30s 后重试
2026-05-13 22:15:44.184 | INFO     | scheduler.jobs:_worker_loop:130 - 本轮三组均无数据可处理,sleep 30s 后重试
2026-05-13 22:16:14.423 | INFO     | scheduler.jobs:_worker_loop:130 - 本轮三组均无数据可处理,sleep 30s 后重试
2026-05-13 22:16:44.608 | INFO     | scheduler.jobs:_worker_loop:130 - 本轮三组均无数据可处理,sleep 30s 后重试
2026-05-13 22:17:14.999 | INFO     | services.l0_normalizer:run_once:141 - normalizer 本轮：扫描 14 条（tw=0 bn=0 dc=14）→ 写入 14 条（重复 11 条，空内容跳过 0 条）
2026-05-13 22:17:15.127 | INFO     | services.l1_entity_extractor:run_once:134 - entity_extractor 本轮：处理 3 条消息 → 产出 0 条实体提及
2026-05-13 22:17:15.282 | INFO     | scheduler.jobs:_worker_loop:130 - 本轮三组均无数据可处理,sleep 30s 后重试
2026-05-13 22:17:45.515 | INFO     | scheduler.jobs:_worker_loop:130 - 本轮三组均无数据可处理,sleep 30s 后重试
2026-05-13 22:18:15.780 | INFO     | scheduler.jobs:_worker_loop:130 - 本轮三组均无数据可处理,sleep 30s 后重试
2026-05-13 22:18:45.899 | INFO     | scheduler.jobs:_worker_loop:130 - 本轮三组均无数据可处理,sleep 30s 后重试
2026-05-13 22:19:16.087 | INFO     | scheduler.jobs:_worker_loop:130 - 本轮三组均无数据可处理,sleep 30s 后重试
2026-05-13 22:19:46.370 | INFO     | scheduler.jobs:_worker_loop:130 - 本轮三组均无数据可处理,sleep 30s 后重试
2026-05-13 22:20:16.567 | INFO     | scheduler.jobs:_worker_loop:130 - 本轮三组均无数据可处理,sleep 30s 后重试
2026-05-13 22:20:46.861 | INFO     | scheduler.jobs:_worker_loop:130 - 本轮三组均无数据可处理,sleep 30s 后重试
2026-05-13 22:21:16.993 | INFO     | scheduler.jobs:_worker_loop:130 - 本轮三组均无数据可处理,sleep 30s 后重试
2026-05-13 22:21:47.185 | INFO     | scheduler.jobs:_worker_loop:130 - 本轮三组均无数据可处理,sleep 30s 后重试
2026-05-13 22:22:17.731 | INFO     | scheduler.jobs:_worker_loop:130 - 本轮三组均无数据可处理,sleep 30s 后重试
2026-05-13 22:22:47.919 | INFO     | scheduler.jobs:_worker_loop:130 - 本轮三组均无数据可处理,sleep 30s 后重试
2026-05-13 22:23:18.419 | INFO     | services.l0_normalizer:run_once:141 - normalizer 本轮：扫描 17 条（tw=0 bn=7 dc=10）→ 写入 17 条（重复 2 条，空内容跳过 0 条）
2026-05-13 22:23:18.535 | INFO     | services.l1_entity_extractor:run_once:134 - entity_extractor 本轮：处理 15 条消息 → 产出 3 条实体提及
2026-05-13 22:23:18.641 | INFO     | scheduler.jobs:_worker_loop:130 - 本轮三组均无数据可处理,sleep 30s 后重试
2026-05-13 22:23:48.853 | INFO     | scheduler.jobs:_worker_loop:130 - 本轮三组均无数据可处理,sleep 30s 后重试
2026-05-13 22:24:19.066 | INFO     | scheduler.jobs:_worker_loop:130 - 本轮三组均无数据可处理,sleep 30s 后重试
2026-05-13 22:24:49.260 | INFO     | scheduler.jobs:_worker_loop:130 - 本轮三组均无数据可处理,sleep 30s 后重试
2026-05-13 22:25:19.468 | INFO     | scheduler.jobs:_worker_loop:130 - 本轮三组均无数据可处理,sleep 30s 后重试
2026-05-13 22:25:49.709 | INFO     | scheduler.jobs:_worker_loop:130 - 本轮三组均无数据可处理,sleep 30s 后重试
2026-05-13 22:26:19.984 | INFO     | scheduler.jobs:_worker_loop:130 - 本轮三组均无数据可处理,sleep 30s 后重试
2026-05-13 22:26:50.147 | INFO     | scheduler.jobs:_worker_loop:130 - 本轮三组均无数据可处理,sleep 30s 后重试
2026-05-13 22:27:20.261 | INFO     | scheduler.jobs:_worker_loop:130 - 本轮三组均无数据可处理,sleep 30s 后重试
2026-05-13 22:27:50.441 | INFO     | scheduler.jobs:_worker_loop:130 - 本轮三组均无数据可处理,sleep 30s 后重试
2026-05-13 22:28:21.189 | INFO     | scheduler.jobs:_worker_loop:130 - 本轮三组均无数据可处理,sleep 30s 后重试
2026-05-13 22:28:51.306 | INFO     | scheduler.jobs:_worker_loop:130 - 本轮三组均无数据可处理,sleep 30s 后重试
2026-05-13 22:29:21.460 | INFO     | scheduler.jobs:_worker_loop:130 - 本轮三组均无数据可处理,sleep 30s 后重试
2026-05-13 22:29:51.683 | INFO     | services.l0_normalizer:run_once:141 - normalizer 本轮：扫描 6 条（tw=0 bn=6 dc=0）→ 写入 6 条（重复 0 条，空内容跳过 0 条）
2026-05-13 22:29:51.798 | INFO     | services.l1_entity_extractor:run_once:134 - entity_extractor 本轮：处理 6 条消息 → 产出 2 条实体提及
2026-05-13 22:29:51.916 | INFO     | scheduler.jobs:_worker_loop:130 - 本轮三组均无数据可处理,sleep 30s 后重试
2026-05-13 22:30:22.403 | INFO     | services.l2_hotness:run_once:200 - hotness window_end=2026-05-13 14:30:00+00:00 top_k=3 elapsed=0.3s
2026-05-13 22:30:22.519 | INFO     | scheduler.jobs:_worker_loop:130 - 本轮三组均无数据可处理,sleep 30s 后重试
2026-05-13 22:30:52.679 | INFO     | scheduler.jobs:_worker_loop:130 - 本轮三组均无数据可处理,sleep 30s 后重试
2026-05-13 22:31:22.884 | INFO     | scheduler.jobs:_worker_loop:130 - 本轮三组均无数据可处理,sleep 30s 后重试
2026-05-13 22:31:53.133 | INFO     | scheduler.jobs:_worker_loop:130 - 本轮三组均无数据可处理,sleep 30s 后重试
2026-05-13 22:32:23.273 | INFO     | scheduler.jobs:_worker_loop:130 - 本轮三组均无数据可处理,sleep 30s 后重试
2026-05-13 22:32:53.400 | INFO     | scheduler.jobs:_worker_loop:130 - 本轮三组均无数据可处理,sleep 30s 后重试
2026-05-13 22:33:23.531 | INFO     | scheduler.jobs:_worker_loop:130 - 本轮三组均无数据可处理,sleep 30s 后重试
2026-05-13 22:33:53.755 | INFO     | scheduler.jobs:_worker_loop:130 - 本轮三组均无数据可处理,sleep 30s 后重试
2026-05-13 22:34:23.941 | INFO     | scheduler.jobs:_worker_loop:130 - 本轮三组均无数据可处理,sleep 30s 后重试
2026-05-13 22:34:54.050 | INFO     | scheduler.jobs:_worker_loop:130 - 本轮三组均无数据可处理,sleep 30s 后重试
2026-05-13 22:35:24.266 | INFO     | scheduler.jobs:_worker_loop:130 - 本轮三组均无数据可处理,sleep 30s 后重试
2026-05-13 22:35:54.454 | INFO     | scheduler.jobs:_worker_loop:130 - 本轮三组均无数据可处理,sleep 30s 后重试
2026-05-13 22:36:24.588 | INFO     | scheduler.jobs:_worker_loop:130 - 本轮三组均无数据可处理,sleep 30s 后重试
2026-05-13 22:36:54.781 | INFO     | scheduler.jobs:_worker_loop:130 - 本轮三组均无数据可处理,sleep 30s 后重试
2026-05-13 22:37:24.911 | INFO     | scheduler.jobs:_worker_loop:130 - 本轮三组均无数据可处理,sleep 30s 后重试
2026-05-13 22:37:55.252 | INFO     | services.l0_normalizer:run_once:141 - normalizer 本轮：扫描 2 条（tw=0 bn=2 dc=0）→ 写入 2 条（重复 0 条，空内容跳过 0 条）
2026-05-13 22:37:55.345 | INFO     | services.l1_entity_extractor:run_once:134 - entity_extractor 本轮：处理 2 条消息 → 产出 0 条实体提及
2026-05-13 22:37:55.433 | INFO     | scheduler.jobs:_worker_loop:130 - 本轮三组均无数据可处理,sleep 30s 后重试
2026-05-13 22:38:25.597 | INFO     | scheduler.jobs:_worker_loop:130 - 本轮三组均无数据可处理,sleep 30s 后重试
2026-05-13 22:38:55.813 | INFO     | scheduler.jobs:_worker_loop:130 - 本轮三组均无数据可处理,sleep 30s 后重试
2026-05-13 22:39:26.150 | INFO     | scheduler.jobs:_worker_loop:130 - 本轮三组均无数据可处理,sleep 30s 后重试
2026-05-13 22:39:56.455 | INFO     | scheduler.jobs:_worker_loop:130 - 本轮三组均无数据可处理,sleep 30s 后重试
2026-05-13 22:40:26.677 | INFO     | scheduler.jobs:_worker_loop:130 - 本轮三组均无数据可处理,sleep 30s 后重试
2026-05-13 22:40:56.984 | INFO     | scheduler.jobs:_worker_loop:130 - 本轮三组均无数据可处理,sleep 30s 后重试
2026-05-13 22:41:27.183 | INFO     | scheduler.jobs:_worker_loop:130 - 本轮三组均无数据可处理,sleep 30s 后重试
2026-05-13 22:41:57.438 | INFO     | scheduler.jobs:_worker_loop:130 - 本轮三组均无数据可处理,sleep 30s 后重试
2026-05-13 22:42:27.588 | INFO     | scheduler.jobs:_worker_loop:130 - 本轮三组均无数据可处理,sleep 30s 后重试
2026-05-13 22:42:57.893 | INFO     | services.l0_normalizer:run_once:141 - normalizer 本轮：扫描 7 条（tw=0 bn=7 dc=0）→ 写入 7 条（重复 1 条，空内容跳过 0 条）
2026-05-13 22:42:58.040 | INFO     | services.l1_entity_extractor:run_once:134 - entity_extractor 本轮：处理 6 条消息 → 产出 6 条实体提及
2026-05-13 22:42:58.147 | INFO     | scheduler.jobs:_worker_loop:130 - 本轮三组均无数据可处理,sleep 30s 后重试
2026-05-13 22:43:28.297 | INFO     | scheduler.jobs:_worker_loop:130 - 本轮三组均无数据可处理,sleep 30s 后重试
2026-05-13 22:43:58.509 | INFO     | scheduler.jobs:_worker_loop:130 - 本轮三组均无数据可处理,sleep 30s 后重试
2026-05-13 22:44:28.702 | INFO     | scheduler.jobs:_worker_loop:130 - 本轮三组均无数据可处理,sleep 30s 后重试
2026-05-13 22:44:58.903 | INFO     | scheduler.jobs:_worker_loop:130 - 本轮三组均无数据可处理,sleep 30s 后重试
2026-05-13 22:45:29.771 | INFO     | services.l2_hotness:run_once:200 - hotness window_end=2026-05-13 14:45:00+00:00 top_k=3 elapsed=0.5s
2026-05-13 22:45:29.869 | INFO     | scheduler.jobs:_worker_loop:130 - 本轮三组均无数据可处理,sleep 30s 后重试
2026-05-13 22:46:00.134 | INFO     | scheduler.jobs:_worker_loop:130 - 本轮三组均无数据可处理,sleep 30s 后重试
2026-05-13 22:46:30.366 | INFO     | scheduler.jobs:_worker_loop:130 - 本轮三组均无数据可处理,sleep 30s 后重试
2026-05-13 22:47:00.593 | INFO     | scheduler.jobs:_worker_loop:130 - 本轮三组均无数据可处理,sleep 30s 后重试
2026-05-13 22:47:30.732 | INFO     | scheduler.jobs:_worker_loop:130 - 本轮三组均无数据可处理,sleep 30s 后重试
2026-05-13 22:48:00.895 | INFO     | scheduler.jobs:_worker_loop:130 - 本轮三组均无数据可处理,sleep 30s 后重试
2026-05-13 22:48:31.153 | INFO     | scheduler.jobs:_worker_loop:130 - 本轮三组均无数据可处理,sleep 30s 后重试
2026-05-13 22:49:01.313 | INFO     | scheduler.jobs:_worker_loop:130 - 本轮三组均无数据可处理,sleep 30s 后重试
2026-05-13 22:49:32.167 | INFO     | scheduler.jobs:_worker_loop:130 - 本轮三组均无数据可处理,sleep 30s 后重试
2026-05-13 22:50:03.358 | INFO     | services.l0_normalizer:run_once:141 - normalizer 本轮：扫描 13 条（tw=0 bn=13 dc=0）→ 写入 13 条（重复 0 条，空内容跳过 0 条）
2026-05-13 22:50:04.344 | INFO     | services.l1_entity_extractor:run_once:134 - entity_extractor 本轮：处理 13 条消息 → 产出 9 条实体提及
2026-05-13 22:50:05.046 | INFO     | scheduler.jobs:_worker_loop:130 - 本轮三组均无数据可处理,sleep 30s 后重试
2026-05-13 22:50:35.227 | INFO     | scheduler.jobs:_worker_loop:130 - 本轮三组均无数据可处理,sleep 30s 后重试
2026-05-13 22:51:05.431 | INFO     | scheduler.jobs:_worker_loop:130 - 本轮三组均无数据可处理,sleep 30s 后重试
2026-05-13 22:51:35.772 | INFO     | scheduler.jobs:_worker_loop:130 - 本轮三组均无数据可处理,sleep 30s 后重试
2026-05-13 22:52:06.016 | INFO     | scheduler.jobs:_worker_loop:130 - 本轮三组均无数据可处理,sleep 30s 后重试
2026-05-13 22:52:36.843 | INFO     | services.l0_normalizer:run_once:141 - normalizer 本轮：扫描 11 条（tw=0 bn=0 dc=11）→ 写入 11 条（重复 2 条，空内容跳过 0 条）
2026-05-13 22:52:37.648 | INFO     | services.l1_entity_extractor:run_once:134 - entity_extractor 本轮：处理 9 条消息 → 产出 3 条实体提及
2026-05-13 22:52:38.521 | INFO     | scheduler.jobs:_worker_loop:130 - 本轮三组均无数据可处理,sleep 30s 后重试
2026-05-13 22:53:08.668 | INFO     | scheduler.jobs:_worker_loop:130 - 本轮三组均无数据可处理,sleep 30s 后重试
2026-05-13 22:53:38.817 | INFO     | scheduler.jobs:_worker_loop:130 - 本轮三组均无数据可处理,sleep 30s 后重试
2026-05-13 22:54:09.042 | INFO     | scheduler.jobs:_worker_loop:130 - 本轮三组均无数据可处理,sleep 30s 后重试
2026-05-13 22:54:39.493 | INFO     | services.l0_normalizer:run_once:141 - normalizer 本轮：扫描 12 条（tw=12 bn=0 dc=0）→ 写入 12 条（重复 0 条，空内容跳过 0 条）
2026-05-13 22:54:39.651 | INFO     | services.l1_entity_extractor:run_once:134 - entity_extractor 本轮：处理 12 条消息 → 产出 7 条实体提及
2026-05-13 22:54:39.782 | INFO     | scheduler.jobs:_worker_loop:130 - 本轮三组均无数据可处理,sleep 30s 后重试
2026-05-13 22:55:09.962 | INFO     | scheduler.jobs:_worker_loop:130 - 本轮三组均无数据可处理,sleep 30s 后重试
2026-05-13 22:55:40.163 | INFO     | scheduler.jobs:_worker_loop:130 - 本轮三组均无数据可处理,sleep 30s 后重试
2026-05-13 22:56:10.411 | INFO     | scheduler.jobs:_worker_loop:130 - 本轮三组均无数据可处理,sleep 30s 后重试
2026-05-13 22:56:40.506 | INFO     | scheduler.jobs:_worker_loop:130 - 本轮三组均无数据可处理,sleep 30s 后重试
2026-05-13 22:57:10.662 | INFO     | scheduler.jobs:_worker_loop:130 - 本轮三组均无数据可处理,sleep 30s 后重试
2026-05-13 22:57:40.941 | INFO     | scheduler.jobs:_worker_loop:130 - 本轮三组均无数据可处理,sleep 30s 后重试
2026-05-13 22:58:11.339 | INFO     | services.l0_normalizer:run_once:141 - normalizer 本轮：扫描 9 条（tw=0 bn=9 dc=0）→ 写入 9 条（重复 1 条，空内容跳过 0 条）
2026-05-13 22:58:11.595 | INFO     | services.l1_entity_extractor:run_once:134 - entity_extractor 本轮：处理 8 条消息 → 产出 9 条实体提及
2026-05-13 22:58:11.692 | INFO     | scheduler.jobs:_worker_loop:130 - 本轮三组均无数据可处理,sleep 30s 后重试
2026-05-13 22:58:41.935 | INFO     | scheduler.jobs:_worker_loop:130 - 本轮三组均无数据可处理,sleep 30s 后重试
2026-05-13 22:59:12.181 | INFO     | scheduler.jobs:_worker_loop:130 - 本轮三组均无数据可处理,sleep 30s 后重试
2026-05-13 22:59:43.087 | INFO     | scheduler.jobs:_worker_loop:130 - 本轮三组均无数据可处理,sleep 30s 后重试
2026-05-13 23:00:14.118 | INFO     | services.l2_hotness:run_once:200 - hotness window_end=2026-05-13 15:00:00+00:00 top_k=10 elapsed=0.8s
2026-05-13 23:00:14.241 | INFO     | scheduler.jobs:_worker_loop:130 - 本轮三组均无数据可处理,sleep 30s 后重试
2026-05-13 23:00:44.466 | INFO     | scheduler.jobs:_worker_loop:130 - 本轮三组均无数据可处理,sleep 30s 后重试
2026-05-13 23:01:14.803 | INFO     | services.l0_normalizer:run_once:141 - normalizer 本轮：扫描 9 条（tw=0 bn=0 dc=9）→ 写入 9 条（重复 0 条，空内容跳过 0 条）
2026-05-13 23:01:14.922 | INFO     | services.l1_entity_extractor:run_once:134 - entity_extractor 本轮：处理 9 条消息 → 产出 1 条实体提及
2026-05-13 23:01:15.031 | INFO     | scheduler.jobs:_worker_loop:130 - 本轮三组均无数据可处理,sleep 30s 后重试
2026-05-13 23:01:46.013 | INFO     | scheduler.jobs:_worker_loop:130 - 本轮三组均无数据可处理,sleep 30s 后重试
2026-05-13 23:02:16.265 | INFO     | scheduler.jobs:_worker_loop:130 - 本轮三组均无数据可处理,sleep 30s 后重试
2026-05-13 23:02:46.591 | INFO     | scheduler.jobs:_worker_loop:130 - 本轮三组均无数据可处理,sleep 30s 后重试
2026-05-13 23:03:16.825 | INFO     | scheduler.jobs:_worker_loop:130 - 本轮三组均无数据可处理,sleep 30s 后重试
2026-05-13 23:03:46.950 | INFO     | scheduler.jobs:_worker_loop:130 - 本轮三组均无数据可处理,sleep 30s 后重试
2026-05-13 23:04:17.220 | INFO     | scheduler.jobs:_worker_loop:130 - 本轮三组均无数据可处理,sleep 30s 后重试
2026-05-13 23:04:47.380 | INFO     | scheduler.jobs:_worker_loop:130 - 本轮三组均无数据可处理,sleep 30s 后重试
2026-05-13 23:05:17.648 | INFO     | scheduler.jobs:_worker_loop:130 - 本轮三组均无数据可处理,sleep 30s 后重试
2026-05-13 23:05:47.847 | INFO     | scheduler.jobs:_worker_loop:130 - 本轮三组均无数据可处理,sleep 30s 后重试
2026-05-13 23:06:18.239 | INFO     | services.l0_normalizer:run_once:141 - normalizer 本轮：扫描 10 条（tw=0 bn=10 dc=0）→ 写入 10 条（重复 0 条，空内容跳过 0 条）
2026-05-13 23:06:18.366 | INFO     | services.l1_entity_extractor:run_once:134 - entity_extractor 本轮：处理 10 条消息 → 产出 6 条实体提及
2026-05-13 23:06:18.473 | INFO     | scheduler.jobs:_worker_loop:130 - 本轮三组均无数据可处理,sleep 30s 后重试
2026-05-13 23:06:48.630 | INFO     | scheduler.jobs:_worker_loop:130 - 本轮三组均无数据可处理,sleep 30s 后重试
2026-05-13 23:07:18.913 | INFO     | scheduler.jobs:_worker_loop:130 - 本轮三组均无数据可处理,sleep 30s 后重试
2026-05-13 23:07:49.161 | INFO     | scheduler.jobs:_worker_loop:130 - 本轮三组均无数据可处理,sleep 30s 后重试
2026-05-13 23:08:19.300 | INFO     | scheduler.jobs:_worker_loop:130 - 本轮三组均无数据可处理,sleep 30s 后重试
2026-05-13 23:08:49.414 | INFO     | scheduler.jobs:_worker_loop:130 - 本轮三组均无数据可处理,sleep 30s 后重试
2026-05-13 23:09:19.621 | INFO     | scheduler.jobs:_worker_loop:130 - 本轮三组均无数据可处理,sleep 30s 后重试
2026-05-13 23:09:49.769 | INFO     | scheduler.jobs:_worker_loop:130 - 本轮三组均无数据可处理,sleep 30s 后重试
2026-05-13 23:10:20.048 | INFO     | scheduler.jobs:_worker_loop:130 - 本轮三组均无数据可处理,sleep 30s 后重试
2026-05-13 23:10:50.239 | INFO     | scheduler.jobs:_worker_loop:130 - 本轮三组均无数据可处理,sleep 30s 后重试
2026-05-13 23:11:20.607 | INFO     | services.l0_normalizer:run_once:141 - normalizer 本轮：扫描 10 条（tw=0 bn=10 dc=0）→ 写入 10 条（重复 0 条，空内容跳过 0 条）
2026-05-13 23:11:20.734 | INFO     | services.l1_entity_extractor:run_once:134 - entity_extractor 本轮：处理 10 条消息 → 产出 5 条实体提及
2026-05-13 23:11:20.883 | INFO     | scheduler.jobs:_worker_loop:130 - 本轮三组均无数据可处理,sleep 30s 后重试
2026-05-13 23:11:51.121 | INFO     | scheduler.jobs:_worker_loop:130 - 本轮三组均无数据可处理,sleep 30s 后重试
2026-05-13 23:12:21.269 | INFO     | scheduler.jobs:_worker_loop:130 - 本轮三组均无数据可处理,sleep 30s 后重试
2026-05-13 23:12:51.444 | INFO     | scheduler.jobs:_worker_loop:130 - 本轮三组均无数据可处理,sleep 30s 后重试
2026-05-13 23:13:21.828 | INFO     | services.l0_normalizer:run_once:141 - normalizer 本轮：扫描 12 条（tw=0 bn=0 dc=12）→ 写入 12 条（重复 3 条，空内容跳过 0 条）
2026-05-13 23:13:21.953 | INFO     | services.l1_entity_extractor:run_once:134 - entity_extractor 本轮：处理 9 条消息 → 产出 1 条实体提及
2026-05-13 23:13:22.112 | INFO     | scheduler.jobs:_worker_loop:130 - 本轮三组均无数据可处理,sleep 30s 后重试
2026-05-13 23:13:52.286 | INFO     | scheduler.jobs:_worker_loop:130 - 本轮三组均无数据可处理,sleep 30s 后重试
2026-05-13 23:14:22.501 | INFO     | scheduler.jobs:_worker_loop:130 - 本轮三组均无数据可处理,sleep 30s 后重试
2026-05-13 23:14:52.740 | INFO     | scheduler.jobs:_worker_loop:130 - 本轮三组均无数据可处理,sleep 30s 后重试
2026-05-13 23:15:23.532 | INFO     | services.l2_hotness:run_once:200 - hotness window_end=2026-05-13 15:15:00+00:00 top_k=10 elapsed=0.6s
2026-05-13 23:15:23.624 | INFO     | scheduler.jobs:_worker_loop:130 - 本轮三组均无数据可处理,sleep 30s 后重试
2026-05-13 23:15:53.758 | INFO     | scheduler.jobs:_worker_loop:130 - 本轮三组均无数据可处理,sleep 30s 后重试
2026-05-13 23:16:23.964 | INFO     | scheduler.jobs:_worker_loop:130 - 本轮三组均无数据可处理,sleep 30s 后重试
2026-05-13 23:16:54.462 | INFO     | scheduler.jobs:_worker_loop:130 - 本轮三组均无数据可处理,sleep 30s 后重试
2026-05-13 23:17:24.792 | INFO     | services.l0_normalizer:run_once:141 - normalizer 本轮：扫描 14 条（tw=0 bn=0 dc=14）→ 写入 14 条（重复 3 条，空内容跳过 0 条）
2026-05-13 23:17:24.992 | INFO     | services.l1_entity_extractor:run_once:134 - entity_extractor 本轮：处理 11 条消息 → 产出 1 条实体提及
2026-05-13 23:17:25.099 | INFO     | scheduler.jobs:_worker_loop:130 - 本轮三组均无数据可处理,sleep 30s 后重试
2026-05-13 23:17:55.304 | INFO     | scheduler.jobs:_worker_loop:130 - 本轮三组均无数据可处理,sleep 30s 后重试
2026-05-13 23:18:25.557 | INFO     | scheduler.jobs:_worker_loop:130 - 本轮三组均无数据可处理,sleep 30s 后重试
2026-05-13 23:18:55.702 | INFO     | scheduler.jobs:_worker_loop:130 - 本轮三组均无数据可处理,sleep 30s 后重试
2026-05-13 23:19:26.144 | INFO     | services.l0_normalizer:run_once:141 - normalizer 本轮：扫描 14 条（tw=0 bn=0 dc=14）→ 写入 14 条（重复 1 条，空内容跳过 0 条）
2026-05-13 23:19:26.254 | INFO     | services.l1_entity_extractor:run_once:134 - entity_extractor 本轮：处理 13 条消息 → 产出 0 条实体提及
2026-05-13 23:19:26.348 | INFO     | scheduler.jobs:_worker_loop:130 - 本轮三组均无数据可处理,sleep 30s 后重试
2026-05-13 23:19:56.510 | INFO     | scheduler.jobs:_worker_loop:130 - 本轮三组均无数据可处理,sleep 30s 后重试
2026-05-13 23:20:26.742 | INFO     | scheduler.jobs:_worker_loop:130 - 本轮三组均无数据可处理,sleep 30s 后重试
2026-05-13 23:20:56.912 | INFO     | scheduler.jobs:_worker_loop:130 - 本轮三组均无数据可处理,sleep 30s 后重试
2026-05-13 23:21:27.249 | INFO     | services.l0_normalizer:run_once:141 - normalizer 本轮：扫描 2 条（tw=0 bn=2 dc=0）→ 写入 2 条（重复 0 条，空内容跳过 0 条）
2026-05-13 23:21:27.352 | INFO     | services.l1_entity_extractor:run_once:134 - entity_extractor 本轮：处理 2 条消息 → 产出 1 条实体提及
2026-05-13 23:21:27.440 | INFO     | scheduler.jobs:_worker_loop:130 - 本轮三组均无数据可处理,sleep 30s 后重试
2026-05-13 23:21:57.765 | INFO     | scheduler.jobs:_worker_loop:130 - 本轮三组均无数据可处理,sleep 30s 后重试
2026-05-13 23:22:28.780 | INFO     | scheduler.jobs:_worker_loop:130 - 本轮三组均无数据可处理,sleep 30s 后重试
2026-05-13 23:22:59.201 | INFO     | services.l0_normalizer:run_once:141 - normalizer 本轮：扫描 10 条（tw=0 bn=0 dc=10）→ 写入 10 条（重复 0 条，空内容跳过 0 条）
2026-05-13 23:22:59.295 | INFO     | services.l1_entity_extractor:run_once:134 - entity_extractor 本轮：处理 10 条消息 → 产出 0 条实体提及
2026-05-13 23:22:59.396 | INFO     | scheduler.jobs:_worker_loop:130 - 本轮三组均无数据可处理,sleep 30s 后重试
2026-05-13 23:23:29.606 | INFO     | scheduler.jobs:_worker_loop:130 - 本轮三组均无数据可处理,sleep 30s 后重试
2026-05-13 23:23:59.973 | INFO     | scheduler.jobs:_worker_loop:130 - 本轮三组均无数据可处理,sleep 30s 后重试
2026-05-13 23:24:30.268 | INFO     | scheduler.jobs:_worker_loop:130 - 本轮三组均无数据可处理,sleep 30s 后重试
2026-05-13 23:25:00.459 | INFO     | scheduler.jobs:_worker_loop:130 - 本轮三组均无数据可处理,sleep 30s 后重试
2026-05-13 23:25:30.766 | INFO     | scheduler.jobs:_worker_loop:130 - 本轮三组均无数据可处理,sleep 30s 后重试
2026-05-13 23:26:00.986 | INFO     | scheduler.jobs:_worker_loop:130 - 本轮三组均无数据可处理,sleep 30s 后重试
2026-05-13 23:26:31.160 | INFO     | scheduler.jobs:_worker_loop:130 - 本轮三组均无数据可处理,sleep 30s 后重试
2026-05-13 23:27:01.375 | INFO     | scheduler.jobs:_worker_loop:130 - 本轮三组均无数据可处理,sleep 30s 后重试
2026-05-13 23:27:31.508 | INFO     | scheduler.jobs:_worker_loop:130 - 本轮三组均无数据可处理,sleep 30s 后重试
2026-05-13 23:28:01.954 | INFO     | services.l0_normalizer:run_once:141 - normalizer 本轮：扫描 21 条（tw=0 bn=0 dc=21）→ 写入 21 条（重复 9 条，空内容跳过 0 条）
2026-05-13 23:28:02.056 | INFO     | services.l1_entity_extractor:run_once:134 - entity_extractor 本轮：处理 12 条消息 → 产出 7 条实体提及
2026-05-13 23:28:02.143 | INFO     | scheduler.jobs:_worker_loop:130 - 本轮三组均无数据可处理,sleep 30s 后重试
2026-05-13 23:28:33.214 | INFO     | scheduler.jobs:_worker_loop:130 - 本轮三组均无数据可处理,sleep 30s 后重试
2026-05-13 23:29:03.454 | INFO     | scheduler.jobs:_worker_loop:130 - 本轮三组均无数据可处理,sleep 30s 后重试
2026-05-13 23:29:33.855 | INFO     | services.l0_normalizer:run_once:141 - normalizer 本轮：扫描 14 条（tw=0 bn=0 dc=14）→ 写入 14 条（重复 0 条，空内容跳过 0 条）
2026-05-13 23:29:33.957 | INFO     | services.l1_entity_extractor:run_once:134 - entity_extractor 本轮：处理 14 条消息 → 产出 3 条实体提及
2026-05-13 23:29:34.065 | INFO     | scheduler.jobs:_worker_loop:130 - 本轮三组均无数据可处理,sleep 30s 后重试
2026-05-13 23:30:04.682 | INFO     | services.l2_hotness:run_once:200 - hotness window_end=2026-05-13 15:30:00+00:00 top_k=5 elapsed=0.4s
2026-05-13 23:30:04.797 | INFO     | scheduler.jobs:_worker_loop:130 - 本轮三组均无数据可处理,sleep 30s 后重试
2026-05-13 23:30:34.969 | INFO     | scheduler.jobs:_worker_loop:130 - 本轮三组均无数据可处理,sleep 30s 后重试
2026-05-13 23:31:05.201 | INFO     | scheduler.jobs:_worker_loop:130 - 本轮三组均无数据可处理,sleep 30s 后重试
2026-05-13 23:31:35.715 | INFO     | services.l0_normalizer:run_once:141 - normalizer 本轮：扫描 19 条（tw=0 bn=0 dc=19）→ 写入 19 条（重复 2 条，空内容跳过 0 条）
2026-05-13 23:31:35.833 | INFO     | services.l1_entity_extractor:run_once:134 - entity_extractor 本轮：处理 17 条消息 → 产出 9 条实体提及
2026-05-13 23:31:35.967 | INFO     | scheduler.jobs:_worker_loop:130 - 本轮三组均无数据可处理,sleep 30s 后重试
2026-05-13 23:32:06.302 | INFO     | scheduler.jobs:_worker_loop:130 - 本轮三组均无数据可处理,sleep 30s 后重试
2026-05-13 23:32:36.915 | INFO     | services.l0_normalizer:run_once:141 - normalizer 本轮：扫描 14 条（tw=0 bn=0 dc=14）→ 写入 14 条（重复 0 条，空内容跳过 0 条）
2026-05-13 23:32:37.117 | INFO     | services.l1_entity_extractor:run_once:134 - entity_extractor 本轮：处理 14 条消息 → 产出 5 条实体提及
2026-05-13 23:32:37.310 | INFO     | scheduler.jobs:_worker_loop:130 - 本轮三组均无数据可处理,sleep 30s 后重试
2026-05-13 23:33:07.571 | INFO     | scheduler.jobs:_worker_loop:130 - 本轮三组均无数据可处理,sleep 30s 后重试
2026-05-13 23:33:37.753 | INFO     | scheduler.jobs:_worker_loop:130 - 本轮三组均无数据可处理,sleep 30s 后重试
2026-05-13 23:34:08.110 | INFO     | services.l0_normalizer:run_once:141 - normalizer 本轮：扫描 12 条（tw=0 bn=0 dc=12）→ 写入 12 条（重复 1 条，空内容跳过 0 条）
2026-05-13 23:34:08.245 | INFO     | services.l1_entity_extractor:run_once:134 - entity_extractor 本轮：处理 11 条消息 → 产出 6 条实体提及
2026-05-13 23:34:08.346 | INFO     | scheduler.jobs:_worker_loop:130 - 本轮三组均无数据可处理,sleep 30s 后重试
2026-05-13 23:34:38.585 | INFO     | scheduler.jobs:_worker_loop:130 - 本轮三组均无数据可处理,sleep 30s 后重试
2026-05-13 23:35:08.808 | INFO     | scheduler.jobs:_worker_loop:130 - 本轮三组均无数据可处理,sleep 30s 后重试
2026-05-13 23:35:39.285 | INFO     | services.l0_normalizer:run_once:141 - normalizer 本轮：扫描 17 条（tw=0 bn=0 dc=17）→ 写入 17 条（重复 0 条，空内容跳过 0 条）
2026-05-13 23:35:39.387 | INFO     | services.l1_entity_extractor:run_once:134 - entity_extractor 本轮：处理 17 条消息 → 产出 5 条实体提及
2026-05-13 23:35:39.487 | INFO     | scheduler.jobs:_worker_loop:130 - 本轮三组均无数据可处理,sleep 30s 后重试
2026-05-13 23:36:09.651 | INFO     | scheduler.jobs:_worker_loop:130 - 本轮三组均无数据可处理,sleep 30s 后重试
2026-05-13 23:36:39.774 | INFO     | scheduler.jobs:_worker_loop:130 - 本轮三组均无数据可处理,sleep 30s 后重试
2026-05-13 23:37:09.918 | INFO     | scheduler.jobs:_worker_loop:130 - 本轮三组均无数据可处理,sleep 30s 后重试
2026-05-13 23:37:40.120 | INFO     | scheduler.jobs:_worker_loop:130 - 本轮三组均无数据可处理,sleep 30s 后重试
2026-05-13 23:38:10.351 | INFO     | scheduler.jobs:_worker_loop:130 - 本轮三组均无数据可处理,sleep 30s 后重试
2026-05-13 23:38:40.629 | INFO     | scheduler.jobs:_worker_loop:130 - 本轮三组均无数据可处理,sleep 30s 后重试
2026-05-13 23:39:11.059 | INFO     | services.l0_normalizer:run_once:141 - normalizer 本轮：扫描 1 条（tw=0 bn=1 dc=0）→ 写入 1 条（重复 0 条，空内容跳过 0 条）
2026-05-13 23:39:11.156 | INFO     | services.l1_entity_extractor:run_once:134 - entity_extractor 本轮：处理 1 条消息 → 产出 1 条实体提及
2026-05-13 23:39:11.272 | INFO     | scheduler.jobs:_worker_loop:130 - 本轮三组均无数据可处理,sleep 30s 后重试
2026-05-13 23:39:41.998 | INFO     | scheduler.jobs:_worker_loop:130 - 本轮三组均无数据可处理,sleep 30s 后重试
2026-05-13 23:40:12.179 | INFO     | scheduler.jobs:_worker_loop:130 - 本轮三组均无数据可处理,sleep 30s 后重试
2026-05-13 23:40:42.397 | INFO     | scheduler.jobs:_worker_loop:130 - 本轮三组均无数据可处理,sleep 30s 后重试
2026-05-13 23:41:12.723 | INFO     | scheduler.jobs:_worker_loop:130 - 本轮三组均无数据可处理,sleep 30s 后重试
2026-05-13 23:41:42.968 | INFO     | scheduler.jobs:_worker_loop:130 - 本轮三组均无数据可处理,sleep 30s 后重试
2026-05-13 23:42:13.127 | INFO     | scheduler.jobs:_worker_loop:130 - 本轮三组均无数据可处理,sleep 30s 后重试
2026-05-13 23:42:43.324 | INFO     | scheduler.jobs:_worker_loop:130 - 本轮三组均无数据可处理,sleep 30s 后重试
2026-05-13 23:43:13.549 | INFO     | scheduler.jobs:_worker_loop:130 - 本轮三组均无数据可处理,sleep 30s 后重试
2026-05-13 23:43:43.753 | INFO     | scheduler.jobs:_worker_loop:130 - 本轮三组均无数据可处理,sleep 30s 后重试
2026-05-13 23:44:14.103 | INFO     | scheduler.jobs:_worker_loop:130 - 本轮三组均无数据可处理,sleep 30s 后重试
2026-05-13 23:44:44.275 | INFO     | scheduler.jobs:_worker_loop:130 - 本轮三组均无数据可处理,sleep 30s 后重试
2026-05-13 23:45:14.458 | INFO     | services.l0_normalizer:run_once:141 - normalizer 本轮：扫描 5 条（tw=0 bn=5 dc=0）→ 写入 5 条（重复 0 条，空内容跳过 0 条）
2026-05-13 23:45:14.560 | INFO     | services.l1_entity_extractor:run_once:134 - entity_extractor 本轮：处理 5 条消息 → 产出 4 条实体提及
2026-05-13 23:45:15.464 | INFO     | services.l2_hotness:run_once:200 - hotness window_end=2026-05-13 15:45:00+00:00 top_k=5 elapsed=0.9s
2026-05-13 23:45:15.566 | INFO     | scheduler.jobs:_worker_loop:130 - 本轮三组均无数据可处理,sleep 30s 后重试
2026-05-13 23:45:45.720 | INFO     | scheduler.jobs:_worker_loop:130 - 本轮三组均无数据可处理,sleep 30s 后重试
2026-05-13 23:46:15.968 | INFO     | scheduler.jobs:_worker_loop:130 - 本轮三组均无数据可处理,sleep 30s 后重试
2026-05-13 23:46:46.126 | INFO     | scheduler.jobs:_worker_loop:130 - 本轮三组均无数据可处理,sleep 30s 后重试
2026-05-13 23:47:16.235 | INFO     | scheduler.jobs:_worker_loop:130 - 本轮三组均无数据可处理,sleep 30s 后重试
2026-05-13 23:47:46.503 | INFO     | scheduler.jobs:_worker_loop:130 - 本轮三组均无数据可处理,sleep 30s 后重试
2026-05-13 23:48:16.634 | INFO     | scheduler.jobs:_worker_loop:130 - 本轮三组均无数据可处理,sleep 30s 后重试
2026-05-13 23:48:47.073 | INFO     | services.l0_normalizer:run_once:141 - normalizer 本轮：扫描 12 条（tw=0 bn=0 dc=12）→ 写入 12 条（重复 0 条，空内容跳过 0 条）
2026-05-13 23:48:47.167 | INFO     | services.l1_entity_extractor:run_once:134 - entity_extractor 本轮：处理 12 条消息 → 产出 0 条实体提及
2026-05-13 23:48:47.259 | INFO     | scheduler.jobs:_worker_loop:130 - 本轮三组均无数据可处理,sleep 30s 后重试
2026-05-13 23:49:17.485 | INFO     | scheduler.jobs:_worker_loop:130 - 本轮三组均无数据可处理,sleep 30s 后重试
2026-05-13 23:49:47.689 | INFO     | scheduler.jobs:_worker_loop:130 - 本轮三组均无数据可处理,sleep 30s 后重试
2026-05-13 23:50:17.902 | INFO     | scheduler.jobs:_worker_loop:130 - 本轮三组均无数据可处理,sleep 30s 后重试
2026-05-13 23:50:48.110 | INFO     | scheduler.jobs:_worker_loop:130 - 本轮三组均无数据可处理,sleep 30s 后重试
2026-05-13 23:51:19.090 | INFO     | services.l0_normalizer:run_once:141 - normalizer 本轮：扫描 3 条（tw=0 bn=3 dc=0）→ 写入 3 条（重复 1 条，空内容跳过 0 条）
2026-05-13 23:51:19.904 | INFO     | services.l1_entity_extractor:run_once:134 - entity_extractor 本轮：处理 2 条消息 → 产出 2 条实体提及
2026-05-13 23:51:20.641 | INFO     | scheduler.jobs:_worker_loop:130 - 本轮三组均无数据可处理,sleep 30s 后重试
2026-05-13 23:51:50.850 | INFO     | scheduler.jobs:_worker_loop:130 - 本轮三组均无数据可处理,sleep 30s 后重试
2026-05-13 23:52:21.084 | INFO     | scheduler.jobs:_worker_loop:130 - 本轮三组均无数据可处理,sleep 30s 后重试
2026-05-13 23:52:51.235 | INFO     | scheduler.jobs:_worker_loop:130 - 本轮三组均无数据可处理,sleep 30s 后重试
2026-05-13 23:53:21.353 | INFO     | scheduler.jobs:_worker_loop:130 - 本轮三组均无数据可处理,sleep 30s 后重试
2026-05-13 23:53:51.497 | INFO     | scheduler.jobs:_worker_loop:130 - 本轮三组均无数据可处理,sleep 30s 后重试
2026-05-13 23:54:21.672 | INFO     | scheduler.jobs:_worker_loop:130 - 本轮三组均无数据可处理,sleep 30s 后重试
2026-05-13 23:54:51.902 | INFO     | services.l0_normalizer:run_once:141 - normalizer 本轮：扫描 5 条（tw=5 bn=0 dc=0）→ 写入 5 条（重复 0 条，空内容跳过 0 条）
2026-05-13 23:54:52.010 | INFO     | services.l1_entity_extractor:run_once:134 - entity_extractor 本轮：处理 5 条消息 → 产出 5 条实体提及
2026-05-13 23:54:52.125 | INFO     | scheduler.jobs:_worker_loop:130 - 本轮三组均无数据可处理,sleep 30s 后重试
2026-05-13 23:55:22.342 | INFO     | scheduler.jobs:_worker_loop:130 - 本轮三组均无数据可处理,sleep 30s 后重试
2026-05-13 23:55:52.548 | INFO     | scheduler.jobs:_worker_loop:130 - 本轮三组均无数据可处理,sleep 30s 后重试
2026-05-13 23:56:22.676 | INFO     | scheduler.jobs:_worker_loop:130 - 本轮三组均无数据可处理,sleep 30s 后重试
2026-05-13 23:56:53.012 | INFO     | services.l0_normalizer:run_once:141 - normalizer 本轮：扫描 10 条（tw=0 bn=0 dc=10）→ 写入 10 条（重复 1 条，空内容跳过 0 条）
2026-05-13 23:56:53.204 | INFO     | services.l1_entity_extractor:run_once:134 - entity_extractor 本轮：处理 9 条消息 → 产出 2 条实体提及
2026-05-13 23:56:53.333 | INFO     | scheduler.jobs:_worker_loop:130 - 本轮三组均无数据可处理,sleep 30s 后重试
2026-05-13 23:57:23.477 | INFO     | scheduler.jobs:_worker_loop:130 - 本轮三组均无数据可处理,sleep 30s 后重试
2026-05-13 23:57:53.684 | INFO     | scheduler.jobs:_worker_loop:130 - 本轮三组均无数据可处理,sleep 30s 后重试
2026-05-13 23:58:23.882 | INFO     | scheduler.jobs:_worker_loop:130 - 本轮三组均无数据可处理,sleep 30s 后重试
2026-05-13 23:58:54.101 | INFO     | scheduler.jobs:_worker_loop:130 - 本轮三组均无数据可处理,sleep 30s 后重试
2026-05-13 23:59:24.316 | INFO     | scheduler.jobs:_worker_loop:130 - 本轮三组均无数据可处理,sleep 30s 后重试
2026-05-13 23:59:54.550 | INFO     | scheduler.jobs:_worker_loop:130 - 本轮三组均无数据可处理,sleep 30s 后重试
